dataset,book_id,split_group,source_dataset,gold_level,prediction,expected_score,input_tokens,p_level_1,p_level_2,p_level_3,p_level_4,p_level_5,p_level_6
source_development_a,gdl-8481,gdl-lineage-gdl-1031,global_digital_library,1,3,3.0356177989069693,392,1.635122134757694e-05,0.05523226410150528,0.8639780282974243,0.07091963291168213,0.009597929194569588,0.0002557761617936194
source_development_a,gdl-8483,gdl-lineage-gdl-1855,global_digital_library,3,3,2.972317887295503,494,6.641667278017849e-05,0.07283472269773483,0.8873085379600525,0.0344046875834465,0.005276129115372896,0.00010950257274089381
source_development_a,gdl-8489,gdl-lineage-gdl-1020,global_digital_library,2,3,3.460089160147959,456,1.8412432609693496e-06,0.014919747598469257,0.6344038248062134,0.2333841472864151,0.11024284362792969,0.007047590333968401
source_development_a,gdl-8491,gdl-lineage-gdl-109,global_digital_library,3,4,4.437997238054212,483,4.675382925256599e-08,0.00020278389274608344,0.049619581550359726,0.4707774817943573,0.4707774817943573,0.008622590452432632
source_development_a,gdl-8501,gdl-lineage-gdl-1114,global_digital_library,3,5,4.485874179401435,694,1.6260542906820774e-05,0.013887457549571991,0.27893704175949097,0.13176055252552032,0.3581622540950775,0.21723639965057373
source_development_a,gdl-8509,gdl-lineage-gdl-104,global_digital_library,1,1,1.0764635716787367,383,0.9238526821136475,0.07583444565534592,0.00030991804669611156,2.3662535113544436e-06,5.279825359139068e-07,2.3197930687501866e-08
source_development_a,gdl-8517,gdl-lineage-gdl-1024,global_digital_library,2,3,2.912547540543528,425,2.3593833248014562e-05,0.11595822870731354,0.8568218350410461,0.025873778387904167,0.0012881795410066843,3.432881931075826e-05
source_development_a,gdl-8519,gdl-lineage-gdl-1036,global_digital_library,2,2,2.054193883439666,438,0.006290809717029333,0.9336389899253845,0.059685539454221725,0.00035490322625264525,2.9132230338291265e-05,5.335754167390405e-07
source_development_a,gdl-8523,gdl-lineage-gdl-1019,global_digital_library,2,2,2.439227038636602,444,0.00039858496165834367,0.5612494349479675,0.4371015131473541,0.0012277282075956464,2.2486623493023217e-05,2.8306484978202207e-07
source_development_a,gdl-8527,gdl-lineage-gdl-107,global_digital_library,2,2,1.992469184583726,417,0.008568648248910904,0.9904010891914368,0.0010233790380880237,6.0852344176964834e-06,7.26777614090679e-07,4.100198935930166e-08
source_development_a,gdl-8535,cross-source-gdl-8535--global-asp-0008--global-asp-0320,global_digital_library,1,1,1.0376046581965852,359,0.9625400900840759,0.037321727722883224,0.0001346031785942614,1.1645456652331632e-06,2.1756577552878298e-06,2.9444325377880887e-07
source_development_a,global-asp-0004,asp-story-0004,global_asp,3,3,2.9948384584195082,490,1.5112679648154881e-05,0.10806996375322342,0.7985350489616394,0.08416496962308884,0.008870922960340977,0.0003439630090724677
source_development_a,global-asp-0006,asp-story-0006,global_asp,4,5,4.748836994006069,629,4.2189590203634e-06,0.001928674872033298,0.0638689324259758,0.22292451560497284,0.60597163438797,0.10530206561088562
source_development_a,global-asp-0007,asp-story-0007,global_asp,1,1,1.0009175725401076,353,0.999085545539856,0.0009110480896197259,3.2857524274731986e-06,1.3428119061131838e-08,3.847220764185977e-09,1.0252495380447257e-10
source_development_a,global-asp-0010,asp-story-0010,global_asp,3,5,4.517098785927232,566,4.489810123686766e-07,0.0028333791997283697,0.13651984930038452,0.22508320212364197,0.6118395328521729,0.02372359298169613
source_development_a,global-asp-0027,asp-story-0027,global_asp,4,3,3.343013446912437,565,2.5947408630599966e-06,0.002845478942617774,0.696265697479248,0.25614187121391296,0.04451077803969383,0.0002335711324121803
source_development_a,global-asp-0030,asp-story-0030,global_asp,2,2,2.0204991168796838,381,0.002736308379098773,0.9741931557655334,0.0229108277708292,0.00015437194088008255,5.282317488308763e-06,1.9051011435067267e-08
source_development_a,global-asp-0052,asp-story-0052,global_asp,5,6,5.715843994937634,1396,2.336996907104094e-08,9.428118573850952e-06,0.00045427214354276657,0.008052167482674122,0.2666511833667755,0.7248329520225525
source_development_a,global-asp-0053,asp-story-0053,global_asp,1,2,2.001133673094273,369,0.04525381699204445,0.9089472889900208,0.04525381699204445,0.0005027245497331023,4.126614294364117e-05,1.099705400520179e-06
source_development_a,global-asp-0057,asp-story-0057,global_asp,1,2,1.9435431021575198,378,0.059882305562496185,0.9367169141769409,0.0033783286344259977,2.0088276869500987e-05,2.117288886438473e-06,1.7379765893110743e-07
source_development_a,global-asp-0066,asp-story-0066,global_asp,3,3,3.0487753675697604,817,0.00013457938621286303,0.0542931966483593,0.8492885231971741,0.0895143523812294,0.006484397687017918,0.0002849045558832586
source_development_a,global-asp-0072,asp-story-0072,global_asp,4,5,5.142786430020672,1151,8.282179386753796e-09,9.082511496671941e-06,0.0015274436445906758,0.030679525807499886,0.7912353873252869,0.17654848098754883
source_development_a,global-asp-0084,asp-story-0084,global_asp,5,6,5.6621879966646915,1418,4.269189002314988e-09,1.341339384453022e-06,0.0003282149264123291,0.0095918457955122,0.3176383078098297,0.6724402904510498
source_development_a,global-asp-0086,asp-story-0086,global_asp,2,2,2.076480961469912,391,0.0001658435503486544,0.923609733581543,0.07581450790166855,0.0003978380118496716,1.2013667401333805e-05,1.1777784436617367e-07
source_development_a,global-asp-0093,asp-story-0093,global_asp,1,1,1.1211624829485558,359,0.879883348941803,0.11907926201820374,0.0010302374139428139,6.126015705376631e-06,1.0645419479260454e-06,1.1825992629610482e-08
source_development_a,global-asp-0110,asp-story-0110,global_asp,4,5,4.992554223554578,784,1.8572285398477106e-07,7.492594886571169e-05,0.003610134357586503,0.05647199973464012,0.8833707571029663,0.05647199973464012
source_development_a,global-asp-0111,asp-story-0111,global_asp,3,5,5.139933702305054,576,5.626693777571745e-08,4.240862836013548e-05,0.004325797315686941,0.059715792536735535,0.727487325668335,0.20842860639095306
source_development_a,global-asp-0120,asp-story-0120,global_asp,2,2,2.073234181339103,387,0.04198917746543884,0.8433752059936523,0.11413842439651489,0.0004116474592592567,8.10581841506064e-05,4.572989837470232e-06
source_development_a,global-asp-0130,asp-story-0130,global_asp,1,1,1.2261403569134046,358,0.7757992148399353,0.2222701907157898,0.0019230140605941415,6.12053145232494e-06,1.3656753026225488e-06,6.799296414783385e-08
source_development_a,global-asp-0141,asp-story-0141,global_asp,3,5,4.942046362354631,675,1.3149410733603872e-06,0.0011230369564145803,0.05411095172166824,0.1888657957315445,0.5133904218673706,0.24250847101211548
source_development_a,global-asp-0199,asp-story-0199,global_asp,1,1,1.1268960373163281,387,0.877595841884613,0.11876968294382095,0.003165104892104864,0.00010830393148353323,0.0003335996007081121,2.7383523047319613e-05
source_development_a,global-asp-0201,asp-story-0201,global_asp,4,5,4.93641342561382,829,1.5637807493362743e-08,1.1786280992964748e-05,0.00288400799036026,0.07437954097986221,0.9061283469200134,0.016596319153904915
source_development_a,global-asp-0206,asp-story-0206,global_asp,2,2,1.8987501239375888,378,0.11730103939771652,0.8667439818382263,0.015874968841671944,6.487737846327946e-05,1.4476097931037657e-05,7.207224825833691e-07
source_development_a,global-asp-0210,asp-story-0210,global_asp,3,2,2.332327925878417,428,0.00012110701209167019,0.6744647026062012,0.3185945749282837,0.0066122193820774555,0.00019967173284385353,7.742112757114228e-06
source_development_a,global-asp-0214,asp-story-0214,global_asp,3,4,4.027583389673964,609,3.0520750442519784e-06,0.008029052056372166,0.26588568091392517,0.43837136030197144,0.26588568091392517,0.02182522416114807
source_development_a,global-asp-0243,asp-story-0243,global_asp,4,5,5.070655100206963,995,1.296132126071825e-07,0.0005621672607958317,0.027086734771728516,0.07362937927246094,0.6985760927200317,0.2001454085111618
source_development_a,global-asp-0248,asp-story-0248,global_asp,2,2,2.0287329012637656,389,0.0007804482011124492,0.9698225259780884,0.029286103323101997,0.00010562218085397035,5.258618330117315e-06,5.155368398845894e-08
source_development_a,global-asp-0262,asp-story-0262,global_asp,5,3,3.500493650910812,1244,3.2332068258256186e-06,0.01092134602367878,0.5962852835655212,0.28166523575782776,0.10361883789300919,0.007506123743951321
source_development_a,global-asp-0271,asp-story-0271,global_asp,1,1,1.0005252436323673,365,0.9994944334030151,0.0004878485342487693,1.6693256839062087e-05,2.101371023854881e-07,7.33450576717587e-07,8.759817404779824e-08
source_development_a,global-asp-0291,asp-story-0291,global_asp,4,3,3.410786818323686,883,2.7651731215883046e-06,0.013590186834335327,0.6548119187355042,0.24089185893535614,0.08861915022134781,0.0020841227378696203
source_development_a,global-asp-0294,asp-story-0294,global_asp,4,5,4.987054105907234,874,9.402087641774415e-08,6.253719766391441e-05,0.00637896778061986,0.12812498211860657,0.7373084425926208,0.12812498211860657
source_development_a,global-asp-0315,asp-story-0315,global_asp,4,5,4.8953244353274386,817,1.2221653378219344e-07,7.173932681325823e-05,0.0082919392734766,0.16654804348945618,0.7464165091514587,0.07867171615362167
source_development_a,global-asp-0324,asp-story-0324,global_asp,4,4,4.15004603958937,771,1.5889077076280955e-07,0.0001974453334696591,0.13132911920547485,0.5885762572288513,0.27802374958992004,0.0018733092583715916
source_development_a,global-asp-0327,asp-story-0327,global_asp,2,5,4.7904539163940285,411,4.2326456650698674e-07,0.0030267422553151846,0.10023193806409836,0.07806070894002914,0.740619421005249,0.07806070894002914
source_development_a,global-asp-0337,asp-story-0337,global_asp,3,3,3.6929729903058615,468,0.00039089712663553655,0.12281622737646103,0.428670734167099,0.2024897336959839,0.12281622737646103,0.12281622737646103
source_development_a,storyweaver-20576,storyweaver-original-5619,storyweaver,5,5,5.0676924767147895,1860,3.2880841160931595e-08,2.478243004588876e-05,0.0025278765242546797,0.06519479304552078,0.7942351698875427,0.13801737129688263
source_development_a,storyweaver-323710,storyweaver-original-111469,storyweaver,4,5,5.007207962446124,1667,6.622038739578784e-08,9.32452458073385e-05,0.010777684859931469,0.10225583612918854,0.755574107170105,0.13129907846450806
source_development_a,storyweaver-92446,storyweaver-original-5699,storyweaver,5,5,5.411190043821552,3044,4.8395595086958565e-08,1.723002606013324e-05,0.0010659839026629925,0.016674794256687164,0.5521933436393738,0.4300486147403717
source_development_b,storyweaver-136182,storyweaver-original-11627,storyweaver,4,5,4.986354329882051,1536,3.6667660907596655e-08,4.021097265649587e-05,0.006762445438653231,0.10578244179487228,0.7816324234008789,0.10578244179487228
source_development_b,storyweaver-136188,storyweaver-original-35195,storyweaver,4,4,4.245467160887813,1650,3.730540925062087e-07,0.0014279114548116922,0.1870194971561432,0.3959202468395233,0.3959202468395233,0.019711708649992943
source_development_b,storyweaver-136331,storyweaver-original-705,storyweaver,4,5,5.125062101527874,1731,1.8613420252222568e-05,0.003130295779556036,0.033653851598501205,0.11746349185705185,0.5264348387718201,0.3192988634109497
source_development_b,storyweaver-167244,storyweaver-original-3905,storyweaver,4,5,4.08882078075294,1262,2.1025862224632874e-06,0.0033548695500940084,0.30199572443962097,0.30199572443962097,0.3877702057361603,0.004881306551396847
source_development_b,storyweaver-20033,storyweaver-original-1106,storyweaver,4,2,3.5835949778556824,1613,0.07587546110153198,0.2648313641548157,0.1820157766342163,0.16062834858894348,0.11039814352989197,0.2062508910894394
source_development_b,storyweaver-20050,storyweaver-original-67,storyweaver,4,5,4.725455392002914,1486,5.181491360417567e-05,0.014366839081048965,0.09368354827165604,0.19832810759544373,0.5391116738319397,0.15445807576179504
source_development_b,storyweaver-20896,storyweaver-original-10963,storyweaver,4,2,2.5160209382811445,1690,0.0004508205456659198,0.494384765625,0.494384765625,0.010260628536343575,0.0005108466139063239,8.257065928773955e-06
source_development_b,storyweaver-21117,storyweaver-original-6887,storyweaver,4,6,5.937088398898837,1597,9.138001466624246e-10,2.2359951401540457e-07,2.9285756681929342e-05,0.001411066739819944,0.06000008434057236,0.9385592341423035
source_development_b,storyweaver-21500,storyweaver-original-1101,storyweaver,4,6,5.727800578539517,2020,2.4409290588778276e-08,7.276306860148907e-05,0.003093964420258999,0.022861476987600327,0.2169036567211151,0.7570681571960449
source_development_b,storyweaver-21503,storyweaver-original-4314,storyweaver,4,5,5.101499782975949,1322,1.913711429324394e-07,0.00030535022960975766,0.01298382319509983,0.07471673935651779,0.7088927030563354,0.20310115814208984
source_development_b,storyweaver-251208,storyweaver-original-59108,storyweaver,4,5,5.355870382783863,1785,7.704871052283124e-08,0.00013930731802247465,0.007605922408401966,0.04376906156539917,0.5332163572311401,0.41526931524276733
source_development_b,storyweaver-266344,storyweaver-original-152975,storyweaver,4,5,5.183677162850898,1399,3.928939520392305e-07,0.0006268983706831932,0.02352418750524521,0.1353723555803299,0.4724959433078766,0.3679802119731903
source_development_b,storyweaver-266363,storyweaver-original-4938,storyweaver,4,3,3.5233482943040144,1464,4.020625056000426e-06,0.017438530921936035,0.5774848461151123,0.2727845311164856,0.12885428965091705,0.0034338501282036304
source_development_b,storyweaver-266371,storyweaver-original-4407,storyweaver,4,4,4.286100825845011,2244,2.3803741555639135e-07,0.0011698990128934383,0.15322652459144592,0.4165128469467163,0.4165128469467163,0.012577598914504051
source_development_b,storyweaver-266409,storyweaver-original-27612,storyweaver,4,5,4.393854965674109,1476,0.00011779482883866876,0.022447722032666206,0.2129780799150467,0.2129780799150467,0.45087456703186035,0.10060372203588486
source_development_b,storyweaver-266418,storyweaver-original-10395,storyweaver,4,6,5.846439436219578,1832,2.1330913924089145e-08,3.587308128771838e-06,0.00017284619389101863,0.00270376936532557,0.1476207971572876,0.8494991064071655
source_development_b,storyweaver-266437,storyweaver-original-27124,storyweaver,4,4,4.014608558721648,1590,4.0717309275351e-06,0.0005332914879545569,0.010711447335779667,0.9642136693000793,0.02267613261938095,0.0018613702850416303
source_development_b,storyweaver-266453,storyweaver-original-11050,storyweaver,4,6,5.78808914163435,1419,2.940121213157454e-08,1.0467556421644986e-05,0.0009422593866474926,0.014739417470991611,0.17956286668777466,0.8047448992729187
source_development_b,storyweaver-266456,storyweaver-original-37099,storyweaver,4,5,4.878547965354244,1483,1.4980645346440724e-07,0.00039409377495758235,0.03130674362182617,0.10927127301692963,0.8074115514755249,0.05161609128117561
source_development_b,storyweaver-266472,storyweaver-original-38181,storyweaver,4,5,5.03763453118874,1162,4.933091801717637e-08,2.2551368601853028e-05,0.0029536462388932705,0.06722467392683029,0.8189642429351807,0.1108347550034523
source_development_b,storyweaver-268121,storyweaver-original-152931,storyweaver,3,5,5.130782257593427,1507,1.9676708262750253e-08,2.1578132873401046e-05,0.002494093030691147,0.03901417553424835,0.7836207151412964,0.17484942078590393
source_development_b,storyweaver-285400,storyweaver-original-31922,storyweaver,4,5,4.521264418193056,1230,3.477809116247954e-07,0.000554916332475841,0.03433145955204964,0.41824278235435486,0.5370343923568726,0.009836127981543541
source_development_b,storyweaver-290248,storyweaver-original-1091,storyweaver,5,4,3.9353445077381934,3574,8.622251357337518e-07,0.002268243581056595,0.2621733248233795,0.5550208687782288,0.15901614725589752,0.021520495414733887
source_development_b,storyweaver-294409,storyweaver-original-33603,storyweaver,4,5,5.1835875277724455,1353,9.607579443127179e-08,4.976849231752567e-05,0.0014544485602527857,0.029213380068540573,0.7534230351448059,0.2158593088388443
source_development_b,storyweaver-301126,storyweaver-original-128586,storyweaver,4,3,3.2814586031017825,1082,0.000278221326880157,0.20969660580158234,0.44392770528793335,0.20969660580158234,0.12718741595745087,0.00921342521905899
source_development_b,storyweaver-323650,storyweaver-original-4445,storyweaver,4,6,5.815277127103259,1886,8.547176300055526e-09,5.992033607071789e-07,2.2484940927824937e-05,0.0012276360066607594,0.18219734728336334,0.8165518641471863
source_development_b,storyweaver-412227,storyweaver-original-37820,storyweaver,4,6,5.769737523500307,2356,3.8272354174750944e-09,7.293419912457466e-07,0.00012265646364539862,0.0040618241764605045,0.2217680960893631,0.7740467190742493
source_development_b,storyweaver-412423,storyweaver-original-119223,storyweaver,4,5,5.421651641417521,1229,1.3963836309471844e-08,3.6734472814714536e-05,0.0005746238166466355,0.010185451246798038,0.5561068058013916,0.43309640884399414
source_development_b,storyweaver-412676,storyweaver-original-28270,storyweaver,4,5,4.940866439413412,1302,1.437306536899996e-06,0.0010833039414137602,0.027938777580857277,0.1252129077911377,0.7205505967140198,0.1252129077911377
source_development_b,storyweaver-450294,storyweaver-original-113899,storyweaver,4,5,5.313281032801967,1324,7.092816645126732e-07,0.00022284965962171555,0.009475808590650558,0.07001727819442749,0.5173616409301758,0.4029216468334198
source_development_b,storyweaver-467070,storyweaver-original-26727,storyweaver,4,6,5.509334786992071,1375,1.2976724406144058e-07,0.00030126405181363225,0.0036701473873108625,0.027118925005197525,0.42421138286590576,0.544698178768158
source_development_b,storyweaver-467095,storyweaver-original-114373,storyweaver,5,5,4.894958722663887,1480,5.09086794409086e-06,0.00716847600415349,0.06801261007785797,0.1848774552345276,0.5025489926338196,0.23738734424114227
source_development_b,storyweaver-638696,storyweaver-original-54746,storyweaver,4,5,5.089427805952955,1169,3.3026203993813397e-09,1.9385900031920755e-06,0.0003694298502523452,0.02589903399348259,0.8576582074165344,0.11607141047716141
source_development_b,storyweaver-638706,storyweaver-original-5287,storyweaver,4,5,5.048271706880296,1199,3.228295142321258e-08,2.7571539249038324e-05,0.002481910865753889,0.08218959718942642,0.7797932028770447,0.135507732629776
source_development_b,storyweaver-639353,storyweaver-original-95649,storyweaver,4,5,5.28350429954844,1349,7.419112080242485e-08,7.180033571785316e-05,0.0039201658219099045,0.06132170557975769,0.5818041563034058,0.3528820872306824
source_development_b,storyweaver-639400,storyweaver-original-10398,storyweaver,4,4,3.7593478307046695,1761,2.1447546316721855e-07,0.0032468484714627266,0.37528467178344727,0.4818750321865082,0.13805951178073883,0.001533702714368701
source_development_b,storyweaver-639404,storyweaver-original-5052,storyweaver,4,5,4.952709889141886,2238,1.6157054005816462e-07,0.0002921263803727925,0.023206472396850586,0.10400419682264328,0.7684928178787231,0.10400419682264328
source_development_b,storyweaver-639414,storyweaver-original-12180,storyweaver,4,5,5.356486324975105,1091,1.1991016179990766e-08,4.837520918954397e-06,0.000493440602440387,0.014420447871088982,0.6131730079650879,0.3719082474708557
source_development_b,storyweaver-639420,storyweaver-original-10730,storyweaver,4,4,4.215153561227922,1776,1.880321320868461e-07,0.0004946535336785018,0.044527292251586914,0.6965240836143494,0.2562369108200073,0.0022168834693729877
source_development_b,storyweaver-639438,storyweaver-original-3787,storyweaver,5,6,5.897214087320194,3927,1.126622684033407e-09,1.797630034161557e-06,0.000142803430208005,0.003682949347421527,0.0949845090508461,0.9011879563331604
source_development_b,storyweaver-655017,storyweaver-original-31840,storyweaver,1,5,5.010669437847236,1428,2.105195484602973e-08,2.6160176275880076e-05,0.0043994649313390255,0.06881920993328094,0.8383896350860596,0.08836561441421509
source_development_b,storyweaver-659325,storyweaver-original-37744,storyweaver,4,6,5.495337130699255,1994,1.7677032815299754e-07,0.0001509722351329401,0.010583972558379173,0.0609065517783165,0.35049301385879517,0.5778653025627136
source_development_b,storyweaver-659333,storyweaver-original-9844,storyweaver,5,4,4.117046459716107,1805,1.8931302747660084e-07,0.0008211014210246503,0.13808803260326385,0.6188675761222839,0.22766868770122528,0.014554371125996113
source_development_b,storyweaver-659337,storyweaver-original-50898,storyweaver,5,6,5.787309153265486,1825,1.7827805010028897e-08,1.955056177393999e-05,0.0012095504207536578,0.01473534107208252,0.17951320111751556,0.8045223355293274
source_development_b,storyweaver-699736,storyweaver-original-58964,storyweaver,3,5,4.781798259131769,1186,1.057145837535245e-07,0.00027810188475996256,0.022092368453741074,0.20960655808448792,0.7315987348556519,0.03642415627837181
source_development_b,storyweaver-88471,storyweaver-original-34971,storyweaver,4,5,4.987737938102335,1796,7.733888907068831e-08,0.00012340128887444735,0.005945807322859764,0.15334440767765045,0.6872419118881226,0.15334440767765045
source_development_b,storyweaver-99736,storyweaver-original-4991,storyweaver,4,6,5.764612826208509,2270,3.7306495670463846e-08,4.091153823537752e-05,0.0032500058878213167,0.02401447668671608,0.17744432389736176,0.7952502369880676
source_development_b,storyweaver-99743,storyweaver-original-34911,storyweaver,4,5,4.73784791943951,1814,1.1686103817964977e-07,0.0006508181686513126,0.045625872910022736,0.20448099076747894,0.713708758354187,0.035533465445041656
main120,gdl-8487,gdl-lineage-gdl-1030,global_digital_library,3,3,2.9106781447467256,516,3.6045814340468496e-05,0.09482523053884506,0.8996767997741699,0.005349673330783844,0.00011102893768111244,1.233420107382699e-06
main120,gdl-8493,gdl-lineage-gdl-1023,global_digital_library,2,2,2.3959256605885457,430,0.0003122435591649264,0.7248960733413696,0.20768620073795319,0.02188996411859989,0.03609044849872589,0.00912509486079216
main120,gdl-8507,gdl-lineage-gdl-1017,global_digital_library,3,3,3.249867112484935,518,1.1763644579332322e-05,0.07423669099807739,0.7043381333351135,0.1223956048488617,0.09532179683446884,0.003696027211844921
main120,gdl-8515,gdl-lineage-gdl-1018,global_digital_library,2,3,2.645395454877871,417,0.0004348006041254848,0.37134528160095215,0.6122448444366455,0.014398619532585144,0.0015176032902672887,5.884386337129399e-05
main120,gdl-8521,gdl-lineage-gdl-1032,global_digital_library,3,3,3.0308911895249366,712,6.029293672327185e-06,0.055360957980155945,0.8659911155700684,0.0710848793387413,0.007492290809750557,6.48210261715576e-05
main120,gdl-8525,gdl-lineage-gdl-1037,global_digital_library,2,2,2.0167375917869776,431,0.006538654211908579,0.9704223275184631,0.022822145372629166,0.00019745025201700628,1.836573392210994e-05,1.0361237627876108e-06
main120,gdl-8531,gdl-lineage-gdl-101,global_digital_library,2,2,2.0615940294337634,431,0.0018083119066432118,0.9367287158966064,0.05988306179642677,0.0012428333284333348,0.00031423746258951724,2.276328632433433e-05
main120,gdl-8533,gdl-lineage-gdl-1026,global_digital_library,2,3,2.933782162843272,503,0.002295898040756583,0.2341879904270172,0.6365888714790344,0.08615293353796005,0.03591388836503029,0.00486041558906436
main120,global-asp-0002,asp-story-0002,global_asp,1,2,2.001329475300736,392,0.04525197669863701,0.9089102149009705,0.04525197669863701,0.00044363478082232177,0.00012710349983535707,1.5180346963461488e-05
main120,global-asp-0049,asp-story-0049,global_asp,1,1,1.0963088878658755,363,0.9041960835456848,0.0953015685081482,0.0005000967066735029,1.5916982647468103e-06,5.855530957887822e-07,1.3770889317754609e-08
main120,global-asp-0064,asp-story-0064,global_asp,2,2,1.9798351863148689,408,0.022914353758096695,0.9743431210517883,0.002736729569733143,5.283130121824797e-06,6.309799687187478e-07,1.9053944200209116e-08
main120,global-asp-0067,asp-story-0067,global_asp,1,2,1.8903065199137927,381,0.14321647584438324,0.8241540193557739,0.03195592015981674,0.00045582669554278255,0.00021531726815737784,2.3919592422316782e-06
main120,global-asp-0089,asp-story-0089,global_asp,3,2,2.5177900487105944,568,0.001568704261444509,0.4928722083568573,0.4928722083568573,0.01159124355763197,0.0010781536111608148,1.7426729755243286e-05
main120,global-asp-0095,asp-story-0095,global_asp,2,2,2.0350517609790586,468,0.003053273307159543,0.9593099355697632,0.037196483463048935,0.000413215602748096,2.641599166963715e-05,7.039623142190976e-07
main120,global-asp-0112,asp-story-0112,global_asp,1,2,3.1725170081481338,370,0.01119989063590765,0.37088942527770996,0.37088942527770996,0.03449808806180954,0.10626160353422165,0.10626160353422165
main120,global-asp-0123,asp-story-0123,global_asp,2,1,1.137572858276826,396,0.872220516204834,0.11804220825433731,0.009689495898783207,3.959875175496563e-05,7.797456419211812e-06,3.425963086556294e-07
main120,global-asp-0126,asp-story-0126,global_asp,2,2,1.9955463453116522,380,0.008542658761143684,0.9873971343040466,0.0040352665819227695,2.1175133952056058e-05,3.6796866424992913e-06,8.65379377046338e-08
main120,global-asp-0127,asp-story-0127,global_asp,1,1,1.000254696806337,344,0.9997584223747253,0.00023050415620673448,1.0127645509783179e-05,1.1250799047957116e-07,7.336442422456457e-07,1.2748824929076363e-07
main120,global-asp-0129,asp-story-0129,global_asp,2,2,1.9821869009756483,373,0.18809059262275696,0.6565006971359253,0.1464851051568985,0.0034449994564056396,0.005012444220483303,0.0004662299470510334
main120,global-asp-0147,asp-story-0147,global_asp,2,2,2.029770986943504,433,0.00036870615440420806,0.9699501395225525,0.029289957135915756,0.00032538201776333153,6.407151522580534e-05,1.7074481775125605e-06
main120,global-asp-0158,asp-story-0158,global_asp,5,5,4.883007579693981,785,1.180720460070006e-06,0.0002889127645175904,0.0202543493360281,0.19216792285442352,0.6707319021224976,0.11655572056770325
main120,global-asp-0176,asp-story-0176,global_asp,1,2,2.0898035185009576,395,0.009922953322529793,0.8932357430458069,0.09414634853601456,0.0025089154951274395,0.00018174521392211318,4.274238108337158e-06
main120,global-asp-0212,asp-story-0212,global_asp,2,2,2.009528422916734,372,0.008424016647040844,0.9736838936805725,0.017833642661571503,5.676057480741292e-05,1.714020868348598e-06,1.3086710382026467e-08
main120,global-asp-0215,asp-story-0215,global_asp,1,2,2.0229355392943944,377,0.0021306455601006746,0.9740133285522461,0.022906597703695297,0.0006917192949913442,0.0002544693124946207,3.203296046194737e-06
main120,global-asp-0231,asp-story-0231,global_asp,1,1,1.0053412095787024,361,0.9947206974029541,0.005219815298914909,5.798690835945308e-05,3.907126995272847e-07,9.372711247124244e-07,1.1194106974699025e-07
main120,global-asp-0234,asp-story-0234,global_asp,3,3,2.934789486432237,527,7.868367902119644e-06,0.09276740252971649,0.8801526427268982,0.026578307151794434,0.00048679867177270353,6.943809694348602e-06
main120,global-asp-0296,asp-story-0296,global_asp,3,3,3.1517736414376145,520,8.903139701033069e-07,0.011894350871443748,0.8338583707809448,0.14490285515785217,0.009263331070542336,8.014350896701217e-05
main120,global-asp-0302,asp-story-0302,global_asp,2,3,3.1033080001488997,363,2.799324101943057e-05,0.17665661871433258,0.6165921688079834,0.13758030533790588,0.06498833000659943,0.004154565278440714
main120,global-asp-0309,asp-story-0309,global_asp,1,2,1.7782627884298563,366,0.2982271611690521,0.6313468813896179,0.06654346734285355,0.002009438816457987,0.0015649525448679924,0.00030815741047263145
main120,global-asp-0331,asp-story-0331,global_asp,1,2,2.04644590660698,390,0.0012620424386113882,0.9512066841125488,0.04735779017210007,0.00017079885583370924,2.7607068204815732e-06,2.107825558539389e-08
main120,global-asp-0342,asp-story-0342,global_asp,3,3,3.0546400424336753,515,1.2761529433191754e-06,0.008053402416408062,0.9308468103408813,0.05950704216957092,0.0015858091646805406,5.719320597563637e-06
main120,storyweaver-113528,storyweaver-original-38669,storyweaver,3,3,3.192616075974911,536,1.1086717677244451e-05,0.02916567586362362,0.7521926760673523,0.21550682187080383,0.0030740397050976753,4.968721987097524e-05
main120,storyweaver-127954,storyweaver-original-127954,storyweaver,2,3,2.941432148043532,589,0.0006625119713135064,0.267276406288147,0.5658241510391235,0.1262524425983429,0.03617192804813385,0.0038124932907521725
main120,storyweaver-134706,storyweaver-original-114216,storyweaver,4,6,5.923340135172603,885,4.030804134913524e-09,3.628413765000005e-07,1.2015656466246583e-05,0.00039790390292182565,0.07582706212997437,0.9237627387046814
main120,storyweaver-18398,storyweaver-original-17207,storyweaver,2,6,5.877012117143849,432,1.2903556978471897e-07,0.0001248774497071281,0.00284219766035676,0.009920245036482811,0.09412065148353577,0.8929919004440308
main120,storyweaver-18449,storyweaver-original-1,storyweaver,2,3,2.577558835637319,470,0.00023951918410602957,0.4330608546733856,0.5560611486434937,0.010184614919126034,0.0004474807356018573,6.382970241247676e-06
main120,storyweaver-18453,storyweaver-original-15139,storyweaver,3,3,3.118486322727989,620,3.0389023208954313e-07,0.0031618457287549973,0.8766921758651733,0.11864738166332245,0.0014935502549633384,4.753642770083388e-06
main120,storyweaver-18454,storyweaver-original-250,storyweaver,2,2,2.385787438135594,428,0.007522133644670248,0.6771208643913269,0.24909886717796326,0.0555814653635025,0.009658610448241234,0.0010180100798606873
main120,storyweaver-18459,storyweaver-original-1042,storyweaver,2,3,2.824530592239171,448,0.0002840994857251644,0.21412697434425354,0.747376561164856,0.037209685891866684,0.0009916045237332582,1.1015730706276372e-05
main120,storyweaver-18461,storyweaver-original-111,storyweaver,5,5,5.233272737492897,1142,3.9818397468138755e-09,2.062644171019201e-06,0.0003061235183849931,0.027556361630558968,0.7106879353523254,0.2614475190639496
main120,storyweaver-18535,storyweaver-original-182,storyweaver,4,6,5.65572447172508,1289,1.4089073374634609e-07,3.906509664375335e-05,0.0010075020836666226,0.012273888103663921,0.3165477514266968,0.6701315641403198
main120,storyweaver-18600,storyweaver-original-189,storyweaver,4,3,3.5511834634726256,629,2.8317261239863e-05,0.06574057042598724,0.48576080799102783,0.2946288287639618,0.13917280733585358,0.014668704941868782
main120,storyweaver-18601,storyweaver-original-1057,storyweaver,2,5,5.001082275874843,542,7.480853270180887e-08,9.296068310504779e-05,0.013796589337289333,0.10194376856088638,0.7532682418823242,0.1308983713388443
main120,storyweaver-18612,storyweaver-original-1052,storyweaver,3,3,3.285528187183445,585,6.286611096584238e-06,0.016538100317120552,0.7032179236412048,0.2586994469165802,0.02123534120619297,0.00030290588620118797
main120,storyweaver-18670,storyweaver-original-453,storyweaver,2,2,2.5880063723216153,406,2.4304279577336274e-05,0.47243356704711914,0.47243356704711914,0.04979413002729416,0.005248263478279114,6.606588431168348e-05
main120,storyweaver-18743,storyweaver-original-7,storyweaver,2,2,2.0731377282234007,399,0.002932066796347499,0.9212279915809631,0.07561899721622467,0.00021239819761831313,8.235571840486955e-06,3.193277962054708e-07
main120,storyweaver-18745,storyweaver-original-18147,storyweaver,3,6,5.997775648029872,886,1.2723837983230624e-07,7.322063311221427e-07,2.8959323117305757e-06,1.4706755791848991e-05,0.002182676224038005,0.9977988600730896
main120,storyweaver-18748,storyweaver-original-19,storyweaver,2,5,5.064216430608212,874,2.057601886917837e-05,0.0030537517741322517,0.06133624538779259,0.07875729352235794,0.581942081451416,0.2748900055885315
main120,storyweaver-18867,storyweaver-original-14833,storyweaver,2,2,2.133818383446851,395,0.0755784809589386,0.7170686721801758,0.2054436206817627,0.001777435652911663,0.00012875700485892594,3.0280743885668926e-06
main120,storyweaver-19019,storyweaver-original-13933,storyweaver,3,4,4.163580892295698,682,3.3333444093841536e-07,0.0007738600252196193,0.089446060359478,0.6609219908714294,0.2431396245956421,0.005718095228075981
main120,storyweaver-19271,storyweaver-original-49,storyweaver,3,5,4.415993607745008,564,1.10096527805581e-06,0.0025559705682098866,0.15813231468200684,0.33476608991622925,0.42984816431999207,0.07469640672206879
main120,storyweaver-19272,storyweaver-original-33,storyweaver,3,5,4.610626221814073,576,2.070044047286501e-06,0.0025723364669829607,0.051666755229234695,0.2973216772079468,0.6294299364089966,0.019007137045264244
main120,storyweaver-19807,storyweaver-original-7892,storyweaver,4,3,3.195212054219155,688,5.888796295039356e-07,0.0069428421556949615,0.8024834394454956,0.1790582537651062,0.011446811258792877,6.80652228766121e-05
main120,storyweaver-19855,storyweaver-original-9009,storyweaver,3,4,3.894001005245002,608,6.761677582289849e-07,0.009033416397869587,0.26399514079093933,0.5588776469230652,0.1601211428642273,0.007971961982548237
main120,storyweaver-19877,storyweaver-original-218,storyweaver,2,3,3.024911447851082,576,1.0398559425084386e-05,0.03512496128678322,0.9058846831321716,0.05791126936674118,0.0010606818832457066,8.09840639703907e-06
main120,storyweaver-19894,storyweaver-original-167,storyweaver,4,5,4.199077626378767,989,3.158734671160346e-06,0.012090454809367657,0.24284328520298004,0.311816930770874,0.4003808796405792,0.032865263521671295
main120,storyweaver-19989,storyweaver-original-156,storyweaver,4,4,4.008188067449765,885,2.5492957433925767e-07,0.0008611184312030673,0.21070876717567444,0.5727657675743103,0.21070876717567444,0.00495539465919137
main120,storyweaver-20012,storyweaver-original-758,storyweaver,3,5,4.585479537835681,666,2.616682195366593e-07,0.00017404645041096956,0.03758356347680092,0.3565829396247864,0.5879058837890625,0.017753219231963158
main120,storyweaver-20032,storyweaver-original-7263,storyweaver,3,5,4.800933103567672,817,9.068711506188265e-07,0.00013459160982165486,0.006484986748546362,0.21475327014923096,0.7495625615119934,0.029063694179058075
main120,storyweaver-20049,storyweaver-original-2169,storyweaver,4,3,2.963226760388352,753,2.8943191864527762e-05,0.11078370362520218,0.8185870051383972,0.06719371676445007,0.0033453782089054585,6.127273809397593e-05
main120,storyweaver-20412,storyweaver-original-258,storyweaver,3,3,3.5868046401401443,934,1.0952014235954266e-05,0.028811313211917877,0.5106927156448364,0.3097507953643799,0.14631591737270355,0.004418357741087675
main120,storyweaver-20419,storyweaver-original-12293,storyweaver,2,2,2.5138898563515113,423,5.6866806517064106e-06,0.49540290236473083,0.49540290236473083,0.009073620662093163,0.000114220027171541,6.791771625103138e-07
main120,storyweaver-20469,storyweaver-original-14798,storyweaver,2,3,2.5642405668513675,469,0.0033159779850393534,0.4343074560165405,0.557661771774292,0.004257800057530403,0.00044876887113787234,8.2194874266861e-06
main120,storyweaver-20798,storyweaver-original-12172,storyweaver,4,4,4.438977483035508,816,3.759613065312806e-08,4.122916652704589e-05,0.010088443756103516,0.5508103370666504,0.428971529006958,0.010088443756103516
main120,storyweaver-20801,storyweaver-original-15050,storyweaver,2,2,1.9886844994034618,413,0.15811662375926971,0.7086294889450073,0.1231413334608078,0.006947159767150879,0.002896006917580962,0.0002693706192076206
main120,storyweaver-20873,storyweaver-original-98,storyweaver,2,3,3.2061775038416727,569,1.3994829259900143e-06,0.008831700310111046,0.7950043082237244,0.17738944292068481,0.018696710467338562,7.640917465323582e-05
main120,storyweaver-20929,storyweaver-original-1207,storyweaver,3,5,4.282488122931682,652,0.00010596995707601309,0.04275133088231087,0.24601693451404572,0.24601693451404572,0.3158920109272003,0.14921681582927704
main120,storyweaver-20957,storyweaver-original-11949,storyweaver,2,2,2.3669172056634125,478,0.018286630511283875,0.6055700182914734,0.3672967851161957,0.008637992665171623,0.00020314611901994795,5.413660801423248e-06
main120,storyweaver-21233,storyweaver-original-11166,storyweaver,4,5,5.162347831527526,1069,8.70174829969983e-08,9.542625048197806e-05,0.008589996956288815,0.10464758425951004,0.6022053360939026,0.28446164727211
main120,storyweaver-21473,storyweaver-original-1002,storyweaver,4,3,3.5157244027695924,903,4.212289240967948e-06,0.05627503618597984,0.5339226722717285,0.2522072494029999,0.15297141671180725,0.004619336687028408
main120,storyweaver-21479,storyweaver-original-345,storyweaver,3,3,3.0069779083753474,641,3.1200950161291985e-06,0.022311633452773094,0.9487147331237793,0.028648704290390015,0.00031825833139009774,3.5355308227735804e-06
main120,storyweaver-21482,storyweaver-original-16411,storyweaver,3,3,2.9282522680587135,573,0.00038238713750615716,0.19808144867420197,0.6913721561431885,0.09356705099344254,0.016259515658020973,0.0003374554798938334
main120,storyweaver-21485,storyweaver-original-13963,storyweaver,4,5,5.433754239747792,875,5.3892868834282126e-08,4.6027678763493896e-05,0.002847631461918354,0.03931033983826637,0.47889798879623413,0.47889798879623413
main120,storyweaver-21486,storyweaver-original-943,storyweaver,3,3,3.058692327378594,720,2.1914833268965594e-05,0.021208638325333595,0.9018142223358154,0.07402541488409042,0.0028702770359814167,5.9570695157162845e-05
main120,storyweaver-21499,storyweaver-original-144,storyweaver,3,2,2.2454099755714196,653,0.09748321771621704,0.5609772205352783,0.3402498960494995,0.0012271327432245016,6.109534297138453e-05,1.4368247320817318e-06
main120,storyweaver-22268,storyweaver-original-1029,storyweaver,2,3,3.1898343939101323,498,0.00021152530098333955,0.05865010246634483,0.7145044803619385,0.2047089785337448,0.0215761661529541,0.0003487462818156928
main120,storyweaver-234421,storyweaver-original-29919,storyweaver,4,5,5.299528061403821,1107,6.173836553102774e-09,3.6239518976799445e-06,0.00022420597088057548,0.01571805216372013,0.6683485507965088,0.3157055377960205
main120,storyweaver-266338,storyweaver-original-24727,storyweaver,5,5,5.054248266649527,922,5.665046742819868e-08,6.212478183442727e-05,0.004935182631015778,0.09912579506635666,0.7324460744857788,0.1634308099746704
main120,storyweaver-266369,storyweaver-original-127711,storyweaver,4,5,5.4282261763569615,840,2.0405909850751414e-08,3.4317463359911926e-06,0.0002726174134295434,0.006204743403941393,0.5585331916809082,0.43498608469963074
main120,storyweaver-266388,storyweaver-original-62768,storyweaver,4,6,5.589383212443144,1179,1.9675288953635572e-08,2.444945857860148e-05,0.0011780409840866923,0.018427662551403046,0.3701294958591461,0.6102403402328491
main120,storyweaver-266466,storyweaver-original-70193,storyweaver,4,3,2.7043861007259693,1452,0.0001356035500066355,0.3148134648799896,0.6664600968360901,0.017760559916496277,0.0007803445332683623,4.988576256437227e-05
main120,storyweaver-266479,storyweaver-original-103458,storyweaver,4,6,5.922446316543744,1084,2.4436872525512854e-09,2.824518219313177e-07,2.542550464568194e-05,0.0008419770747423172,0.0757923573255539,0.9233399629592896
main120,storyweaver-267081,storyweaver-original-46999,storyweaver,4,5,4.376533574488803,1021,9.826094355958048e-07,0.007962167263031006,0.15992441773414612,0.33855995535850525,0.4347195625305176,0.05883289501070976
main120,storyweaver-28189,storyweaver-original-1281,storyweaver,3,6,5.931228700934454,549,1.193476890648526e-07,2.007119655900169e-05,0.0004031407297588885,0.003824892919510603,0.05983138829469681,0.9359204173088074
main120,storyweaver-329581,storyweaver-original-155793,storyweaver,3,3,2.7271828787925187,431,0.0002200731832999736,0.35114696621894836,0.5789434313774109,0.06102018803358078,0.008258184418082237,0.00041115080239251256
main120,storyweaver-337553,storyweaver-original-28121,storyweaver,3,3,2.583543690801889,641,0.0008321393397636712,0.4310588538646698,0.5534905195236206,0.01301685068756342,0.0015546411741524935,4.6946090151323006e-05
main120,storyweaver-39813,storyweaver-original-369,storyweaver,3,5,5.179436526675545,615,2.305554062331794e-06,0.0008208341314457357,0.027182292193174362,0.0948755219578743,0.5459709763526917,0.3311481177806854
main120,storyweaver-412162,storyweaver-original-26810,storyweaver,4,4,3.853078346583601,1183,2.615857681576017e-07,0.001870585954748094,0.2776195704936981,0.5877206325531006,0.13113819062709808,0.0016507863765582442
main120,storyweaver-412364,storyweaver-original-94562,storyweaver,3,4,4.339907235384516,662,3.242516584123223e-07,0.0004565803101286292,0.05980021879076958,0.5673686861991882,0.34412652254104614,0.028247622773051262
main120,storyweaver-412394,storyweaver-original-86700,storyweaver,4,2,3.0267067382810637,434,0.00123135547619313,0.38688036799430847,0.38688036799430847,0.08632468432188034,0.08632468432188034,0.052358563989400864
main120,storyweaver-412397,storyweaver-original-27658,storyweaver,4,5,4.8847945432594315,799,7.755684237054083e-07,8.964351582108065e-05,0.004894370213150978,0.2672235667705536,0.5657122731208801,0.16207928955554962
main120,storyweaver-412711,storyweaver-original-28966,storyweaver,3,3,3.2877407292980934,560,0.0001827613596105948,0.17687195539474487,0.4807877540588379,0.22710806131362915,0.1072782576084137,0.00777121027931571
main120,storyweaver-450268,storyweaver-original-60744,storyweaver,3,5,4.410073229242698,746,6.628887786064297e-05,0.020827345550060272,0.15389443933963776,0.25372904539108276,0.5371443629264832,0.034338489174842834
main120,storyweaver-459241,storyweaver-original-34787,storyweaver,4,4,3.7665102496749796,771,9.833375997914118e-07,0.0009516498539596796,0.29899951815605164,0.6329819560050964,0.06671580672264099,0.0003500924212858081
main120,storyweaver-577649,storyweaver-original-577649,storyweaver,2,2,1.9987707329685236,393,0.00665739830583334,0.9880455136299133,0.005184786859899759,9.49626846704632e-05,1.6502039215993136e-05,9.309814004154759e-07
main120,storyweaver-577904,storyweaver-original-577551,storyweaver,2,3,3.4195669001492206,383,0.0003305269929114729,0.07137396186590195,0.5273861885070801,0.31987589597702026,0.07137396186590195,0.009659415110945702
main120,storyweaver-577905,storyweaver-original-577558,storyweaver,2,4,3.488207595248241,398,0.00028658827068284154,0.21600277721881866,0.27735304832458496,0.35612836480140686,0.10203249007463455,0.04819673299789429
main120,storyweaver-577907,storyweaver-original-577563,storyweaver,1,1,1.0002506826488116,429,0.9997765421867371,0.00020342289644759148,1.669796802161727e-05,5.042349471295893e-07,2.2598244413529756e-06,6.474505198639235e-07
main120,storyweaver-589573,storyweaver-original-650,storyweaver,4,3,3.01471834970107,891,1.758249527483713e-05,0.0864138975739479,0.819872260093689,0.0864138975739479,0.007093284744769335,0.0001890296261990443
main120,storyweaver-589577,storyweaver-original-89567,storyweaver,4,5,4.488096848767611,1111,5.575682848757424e-07,0.0016620876267552376,0.11652134358882904,0.3167378306388855,0.5222123861312866,0.0428658053278923
main120,storyweaver-638688,storyweaver-original-355071,storyweaver,3,3,3.6086876230765483,789,8.41812216094695e-05,0.02997059002518654,0.46881893277168274,0.36511653661727905,0.13431887328624725,0.001690825098194182
main120,storyweaver-638705,storyweaver-original-28960,storyweaver,4,5,4.668383674213002,950,1.497104840098018e-08,2.3887681891210377e-05,0.004017290659248829,0.36162498593330383,0.5962188243865967,0.038114991039037704
main120,storyweaver-659356,storyweaver-original-41319,storyweaver,5,5,4.58914102928955,1145,1.9251984895163332e-08,5.738935942645185e-05,0.029728423804044724,0.3621663451194763,0.5971113443374634,0.010936476290225983
main120,storyweaver-659375,storyweaver-original-36947,storyweaver,3,3,3.9786536851866003,510,5.622391199722188e-06,0.01899169571697712,0.33663585782051086,0.33663585782051086,0.26217228174209595,0.045558709651231766
main120,storyweaver-659376,storyweaver-original-26576,storyweaver,4,3,3.633791593279966,707,2.8095584639231674e-05,0.03956152871251106,0.4819580912590027,0.2923223674297333,0.1773024946451187,0.008827370591461658
main120,storyweaver-92448,storyweaver-original-31958,storyweaver,3,3,3.2308194784295665,815,4.728807198262075e-06,0.003145326627418399,0.7696360349655151,0.22050441801548004,0.006658656522631645,5.083946598460898e-05
main120,storyweaver-93146,storyweaver-original-24620,storyweaver,4,3,3.3734602072509006,1090,0.00020305917132645845,0.08191991597414017,0.60531085729599,0.17342446744441986,0.13506311178207397,0.004078552592545748
main120,storyweaver-99706,storyweaver-original-25395,storyweaver,3,3,3.648357302326076,616,1.1528286449902225e-05,0.082438163459301,0.36946219205856323,0.36946219205856323,0.17452159523963928,0.004104354418814182
main120,storyweaver-99708,storyweaver-original-32292,storyweaver,3,4,4.15022809051186,761,7.724596571279108e-07,0.0012325302232056856,0.18292371928691864,0.4972381889820099,0.3015902042388916,0.017014553770422935
main120,storyweaver-99709,storyweaver-original-32296,storyweaver,3,5,4.790142061291397,946,1.4727254971091952e-08,3.419038694119081e-05,0.008366112597286701,0.2157648801803589,0.753093421459198,0.022741449996829033
main120,storyweaver-99710,storyweaver-original-30522,storyweaver,3,5,5.199362829973939,1011,3.578741214482761e-08,1.1244069355598185e-05,0.0006139054312370718,0.0179409459233284,0.7628684043884277,0.2185654640197754
main120,storyweaver-99711,storyweaver-original-25146,storyweaver,4,5,4.257145539263547,914,2.973119080706965e-06,0.011379987001419067,0.2017151117324829,0.33257198333740234,0.42703086137771606,0.027299169450998306
main120,storyweaver-99712,storyweaver-original-21618,storyweaver,3,3,2.953212654705567,518,9.773720375960693e-05,0.13762421905994415,0.7919727563858032,0.05062912404537201,0.01862541399896145,0.0010507740080356598
main120,storyweaver-99713,storyweaver-original-21602,storyweaver,2,6,5.797194782751795,504,1.0317122445258065e-07,4.1622242861194536e-05,0.0013783394824713469,0.008987901732325554,0.18052683770656586,0.8090651035308838
main120,storyweaver-99715,storyweaver-original-51690,storyweaver,4,5,5.046049244506115,997,9.051994709352584e-09,6.020858563715592e-06,0.0010125526459887624,0.043054837733507156,0.864779531955719,0.09114708751440048
main120,storyweaver-99717,storyweaver-original-49530,storyweaver,3,2,2.5602443542156834,414,0.000439090101281181,0.48152077198028564,0.48152077198028564,0.030782591551542282,0.005349212791770697,0.0003874956746585667
main120,storyweaver-99719,storyweaver-original-24828,storyweaver,2,2,2.1654894284238253,791,0.021229704841971397,0.7966387867927551,0.17775414884090424,0.004180376883596182,0.00018367292068433017,1.3305222637427505e-05
main120,storyweaver-99720,storyweaver-original-31966,storyweaver,4,5,4.6902358327864135,852,4.1096819813901675e-07,0.0004506813420448452,0.02460636757314205,0.2997669279575348,0.6346065998077393,0.040569040924310684
main120,storyweaver-99794,storyweaver-original-25932,storyweaver,3,5,5.216693683033341,646,9.09356145939455e-08,8.800524665275589e-05,0.006991122849285603,0.06632991880178452,0.6293208003044128,0.2972700893878937
main120,storyweaver-99798,storyweaver-original-54646,storyweaver,4,5,4.645856357410267,1225,7.392158352104161e-08,7.153948536142707e-05,0.025469820946455002,0.3102859556674957,0.6568753123283386,0.00729722622781992
robustness28,gdl-8485,gdl-lineage-gdl-1034,global_digital_library,2,2,2.455415348376846,526,0.00025839530280791223,0.5998833775520325,0.36384767293930054,0.018114909529685974,0.015986351296305656,0.0019092974252998829
robustness28,gdl-8495,gdl-lineage-gdl-98,global_digital_library,2,3,2.7845701102933162,401,0.0001224151492351666,0.22133180499076843,0.7725238800048828,0.005898292176425457,0.0001224151492351666,1.2001160030195024e-06
robustness28,gdl-8497,gdl-lineage-gdl-1035,global_digital_library,2,3,2.98900537605914,523,5.170451004232746e-06,0.028795083984732628,0.9535622000694275,0.017465101554989815,0.00017122182180173695,1.153683570009889e-06
robustness28,gdl-8503,gdl-lineage-gdl-1015,global_digital_library,2,3,2.6272988664411514,546,0.0006400551064871252,0.37570303678512573,0.6194295883178711,0.004173683933913708,5.253892231849022e-05,1.090410592041735e-06
robustness28,gdl-8505,gdl-lineage-gdl-1854,global_digital_library,2,2,2.0450068495319442,423,0.0026679520960897207,0.949856698513031,0.04729057848453522,0.0001705564500298351,1.4000125702295918e-05,2.56421259337003e-07
robustness28,gdl-8511,gdl-lineage-gdl-95,global_digital_library,2,2,2.183162671319508,407,0.00031050146208144724,0.8168318867683411,0.18225984275341034,0.0005800930666737258,1.7517293599667028e-05,1.515543033292488e-07
robustness28,gdl-8513,gdl-lineage-gdl-1027,global_digital_library,2,2,2.5059516298861126,455,6.965286593185738e-05,0.49808385968208313,0.49808385968208313,0.0033560628071427345,0.0004008245305158198,5.71745476918295e-06
robustness28,gdl-8529,gdl-lineage-gdl-1014,global_digital_library,2,2,1.5724559941555754,547,0.43471696972846985,0.5581876635551453,0.007026545703411102,6.079153172322549e-05,7.260513029905269e-06,7.6525242320713e-07
robustness28,global-asp-0001,asp-story-0001,global_asp,2,5,4.948803250210858,425,2.352985120523954e-06,0.014848954044282436,0.10971976071596146,0.08544982224702835,0.49172982573509216,0.298249214887619
robustness28,global-asp-0003,asp-story-0003,global_asp,1,2,1.8808751136540849,382,0.14432550966739655,0.8305360078811646,0.025080014020204544,5.486230656970292e-05,3.5072300761385122e-06,9.346451435021663e-08
robustness28,global-asp-0009,asp-story-0009,global_asp,1,1,1.015166742544352,375,0.9854235053062439,0.01405631098896265,0.0004809805832337588,1.4524352991429623e-05,1.864963815023657e-05,6.054651294107316e-06
robustness28,global-asp-0078,asp-story-0078,global_asp,2,2,2.123280722360505,388,0.0016922991489991546,0.8766326308250427,0.11863932013511658,0.0027901295106858015,0.00022902776254341006,1.65907167684054e-05
robustness28,global-asp-0098,asp-story-0098,global_asp,1,1,1.0960227349736726,361,0.9043346047401428,0.09531616419553757,0.00034376379335299134,2.624668923090212e-06,2.624668923090212e-06,1.4807368131641852e-07
robustness28,global-asp-0156,asp-story-0156,global_asp,2,1,1.3261928335571156,375,0.6770240664482117,0.31980353593826294,0.0031352436635643244,3.073684638366103e-05,5.341262749425368e-06,1.0517570672163856e-06
robustness28,global-asp-0223,asp-story-0223,global_asp,1,2,1.9966835985838287,374,0.008532922714948654,0.9862717390060425,0.005175479222089052,1.8665692550712265e-05,1.1932577308471082e-06,2.1855278475868545e-08
robustness28,global-asp-0253,asp-story-0253,global_asp,1,1,1.0000192463333377,345,0.9999819993972778,1.6701400454621762e-05,1.0676848205548595e-06,1.522970727307893e-08,7.734282547744442e-08,3.224128874990129e-08
robustness28,global-asp-0264,asp-story-0264,global_asp,2,2,1.9798692644437565,418,0.022913973778486252,0.9743269085884094,0.0027366839349269867,2.0894838598906063e-05,1.513617121418065e-06,4.57072779624923e-08
robustness28,global-asp-0306,asp-story-0306,global_asp,2,3,2.748177945912289,388,1.3650378605234437e-05,0.26534003019332886,0.721268892288208,0.013210500590503216,0.0001662956492509693,6.796123557251121e-07
robustness28,global-asp-0313,asp-story-0313,global_asp,2,2,2.197254050988704,402,0.10940158367156982,0.6295626759529114,0.23160319030284882,0.014805895276367664,0.013066156767308712,0.0015605299267917871
robustness28,global-asp-0359,asp-story-0359,global_asp,1,2,1.9578097114257176,380,0.047189418226480484,0.9478248357772827,0.004973728209733963,1.0879986803047359e-05,1.1467420790722826e-06,3.055964370446418e-08
robustness28,global-asp-0360,asp-story-0360,global_asp,1,2,2.0408064810089854,434,0.010449600405991077,0.9406429529190063,0.046831853687763214,0.0018158681923523545,0.000245750998146832,1.3864323591405991e-05
robustness28,storyweaver-100869,storyweaver-original-11243,storyweaver,4,5,4.9317179138912195,1018,1.6769863009358232e-07,0.0001432244898751378,0.01655450090765953,0.15706472098827362,0.7039152383804321,0.12232211977243423
robustness28,storyweaver-145323,storyweaver-original-10118,storyweaver,3,5,4.1593815290834755,663,0.00280547677539289,0.038728415966033936,0.2861664295196533,0.22286665439605713,0.3674449920654297,0.08198805898427963
robustness28,storyweaver-19535,storyweaver-original-10115,storyweaver,3,3,3.0167867022100836,786,0.00014183996245265007,0.10690537840127945,0.7899298667907715,0.0832579955458641,0.018577370792627335,0.0011876114876940846
robustness28,storyweaver-201658,storyweaver-original-201658,storyweaver,2,2,2.0586660352810924,416,0.0015984749188646674,0.9382813572883606,0.05998231843113899,0.00013121080701239407,6.532600764330709e-06,6.404336971854718e-08
robustness28,storyweaver-20439,storyweaver-original-86,storyweaver,4,5,5.093192008366834,1071,1.2062748133701007e-08,0.00012550763494800776,0.006047296803444624,0.09459564089775085,0.6989725232124329,0.2002589851617813
robustness28,storyweaver-64197,storyweaver-original-876,storyweaver,3,5,5.015102668496638,670,1.7500192370789591e-06,0.00037789891939610243,0.023379776626825333,0.22182117402553558,0.46959540247917175,0.284824013710022
robustness28,storyweaver-65113,storyweaver-original-56272,storyweaver,3,5,4.890691720977131,1104,6.526003915041656e-08,0.00013370347733143717,0.010621382854878902,0.1661463975906372,0.7446165084838867,0.0784819945693016
