book_id,split_group,source_dataset,gold_level,prediction_ra_scope,prediction_stacked_logistic
gdl-8487,gdl-lineage-gdl-1030,global_digital_library,3,2,2
gdl-8493,gdl-lineage-gdl-1023,global_digital_library,2,1,2
gdl-8507,gdl-lineage-gdl-1017,global_digital_library,3,3,3
gdl-8515,gdl-lineage-gdl-1018,global_digital_library,2,2,2
gdl-8521,gdl-lineage-gdl-1032,global_digital_library,3,3,3
gdl-8525,gdl-lineage-gdl-1037,global_digital_library,2,1,2
gdl-8531,gdl-lineage-gdl-101,global_digital_library,2,1,2
gdl-8533,gdl-lineage-gdl-1026,global_digital_library,2,2,3
global-asp-0002,asp-story-0002,global_asp,1,1,2
global-asp-0049,asp-story-0049,global_asp,1,1,2
global-asp-0064,asp-story-0064,global_asp,2,1,2
global-asp-0067,asp-story-0067,global_asp,1,1,1
global-asp-0089,asp-story-0089,global_asp,3,3,3
global-asp-0095,asp-story-0095,global_asp,2,2,2
global-asp-0112,asp-story-0112,global_asp,1,1,2
global-asp-0123,asp-story-0123,global_asp,2,1,2
global-asp-0126,asp-story-0126,global_asp,2,1,2
global-asp-0127,asp-story-0127,global_asp,1,1,1
global-asp-0129,asp-story-0129,global_asp,2,1,1
global-asp-0147,asp-story-0147,global_asp,2,1,2
global-asp-0158,asp-story-0158,global_asp,5,4,4
global-asp-0176,asp-story-0176,global_asp,1,1,2
global-asp-0212,asp-story-0212,global_asp,2,1,2
global-asp-0215,asp-story-0215,global_asp,1,1,1
global-asp-0231,asp-story-0231,global_asp,1,1,2
global-asp-0234,asp-story-0234,global_asp,3,3,3
global-asp-0296,asp-story-0296,global_asp,3,3,3
global-asp-0302,asp-story-0302,global_asp,2,1,2
global-asp-0309,asp-story-0309,global_asp,1,1,2
global-asp-0331,asp-story-0331,global_asp,1,1,2
global-asp-0342,asp-story-0342,global_asp,3,2,2
storyweaver-113528,storyweaver-original-38669,storyweaver,3,3,3
storyweaver-127954,storyweaver-original-127954,storyweaver,2,3,3
storyweaver-134706,storyweaver-original-114216,storyweaver,4,4,4
storyweaver-18398,storyweaver-original-17207,storyweaver,2,2,2
storyweaver-18449,storyweaver-original-1,storyweaver,2,2,2
storyweaver-18453,storyweaver-original-15139,storyweaver,3,3,3
storyweaver-18454,storyweaver-original-250,storyweaver,2,1,2
storyweaver-18459,storyweaver-original-1042,storyweaver,2,2,2
storyweaver-18461,storyweaver-original-111,storyweaver,5,4,4
storyweaver-18535,storyweaver-original-182,storyweaver,4,4,4
storyweaver-18600,storyweaver-original-189,storyweaver,4,3,3
storyweaver-18601,storyweaver-original-1057,storyweaver,2,2,2
storyweaver-18612,storyweaver-original-1052,storyweaver,3,2,3
storyweaver-18670,storyweaver-original-453,storyweaver,2,1,2
storyweaver-18743,storyweaver-original-7,storyweaver,2,1,2
storyweaver-18745,storyweaver-original-18147,storyweaver,3,4,4
storyweaver-18748,storyweaver-original-19,storyweaver,2,2,3
storyweaver-18867,storyweaver-original-14833,storyweaver,2,1,2
storyweaver-19019,storyweaver-original-13933,storyweaver,3,3,3
storyweaver-19271,storyweaver-original-49,storyweaver,3,2,3
storyweaver-19272,storyweaver-original-33,storyweaver,3,3,3
storyweaver-19807,storyweaver-original-7892,storyweaver,4,3,4
storyweaver-19855,storyweaver-original-9009,storyweaver,3,3,3
storyweaver-19877,storyweaver-original-218,storyweaver,2,2,3
storyweaver-19894,storyweaver-original-167,storyweaver,4,4,4
storyweaver-19989,storyweaver-original-156,storyweaver,4,4,4
storyweaver-20012,storyweaver-original-758,storyweaver,3,2,2
storyweaver-20032,storyweaver-original-7263,storyweaver,3,3,3
storyweaver-20049,storyweaver-original-2169,storyweaver,4,3,4
storyweaver-20412,storyweaver-original-258,storyweaver,3,4,4
storyweaver-20419,storyweaver-original-12293,storyweaver,2,1,2
storyweaver-20469,storyweaver-original-14798,storyweaver,2,1,2
storyweaver-20798,storyweaver-original-12172,storyweaver,4,4,4
storyweaver-20801,storyweaver-original-15050,storyweaver,2,1,2
storyweaver-20873,storyweaver-original-98,storyweaver,2,1,2
storyweaver-20929,storyweaver-original-1207,storyweaver,3,2,2
storyweaver-20957,storyweaver-original-11949,storyweaver,2,1,2
storyweaver-21233,storyweaver-original-11166,storyweaver,4,4,4
storyweaver-21473,storyweaver-original-1002,storyweaver,4,4,4
storyweaver-21479,storyweaver-original-345,storyweaver,3,3,3
storyweaver-21482,storyweaver-original-16411,storyweaver,3,2,3
storyweaver-21485,storyweaver-original-13963,storyweaver,4,4,4
storyweaver-21486,storyweaver-original-943,storyweaver,3,3,3
storyweaver-21499,storyweaver-original-144,storyweaver,3,3,3
storyweaver-22268,storyweaver-original-1029,storyweaver,2,2,2
storyweaver-234421,storyweaver-original-29919,storyweaver,4,4,4
storyweaver-266338,storyweaver-original-24727,storyweaver,5,4,4
storyweaver-266369,storyweaver-original-127711,storyweaver,4,4,4
storyweaver-266388,storyweaver-original-62768,storyweaver,4,4,4
storyweaver-266466,storyweaver-original-70193,storyweaver,4,4,4
storyweaver-266479,storyweaver-original-103458,storyweaver,4,4,4
storyweaver-267081,storyweaver-original-46999,storyweaver,4,4,4
storyweaver-28189,storyweaver-original-1281,storyweaver,3,2,2
storyweaver-329581,storyweaver-original-155793,storyweaver,3,1,2
storyweaver-337553,storyweaver-original-28121,storyweaver,3,3,3
storyweaver-39813,storyweaver-original-369,storyweaver,3,3,3
storyweaver-412162,storyweaver-original-26810,storyweaver,4,4,4
storyweaver-412364,storyweaver-original-94562,storyweaver,3,3,3
storyweaver-412394,storyweaver-original-86700,storyweaver,4,3,3
storyweaver-412397,storyweaver-original-27658,storyweaver,4,3,4
storyweaver-412711,storyweaver-original-28966,storyweaver,3,3,3
storyweaver-450268,storyweaver-original-60744,storyweaver,3,3,3
storyweaver-459241,storyweaver-original-34787,storyweaver,4,3,4
storyweaver-577649,storyweaver-original-577649,storyweaver,2,1,2
storyweaver-577904,storyweaver-original-577551,storyweaver,2,2,2
storyweaver-577905,storyweaver-original-577558,storyweaver,2,1,2
storyweaver-577907,storyweaver-original-577563,storyweaver,1,1,2
storyweaver-589573,storyweaver-original-650,storyweaver,4,4,4
storyweaver-589577,storyweaver-original-89567,storyweaver,4,4,4
storyweaver-638688,storyweaver-original-355071,storyweaver,3,3,4
storyweaver-638705,storyweaver-original-28960,storyweaver,4,4,4
storyweaver-659356,storyweaver-original-41319,storyweaver,5,4,4
storyweaver-659375,storyweaver-original-36947,storyweaver,3,3,3
storyweaver-659376,storyweaver-original-26576,storyweaver,4,3,3
storyweaver-92448,storyweaver-original-31958,storyweaver,3,3,3
storyweaver-93146,storyweaver-original-24620,storyweaver,4,4,4
storyweaver-99706,storyweaver-original-25395,storyweaver,3,3,3
storyweaver-99708,storyweaver-original-32292,storyweaver,3,3,3
storyweaver-99709,storyweaver-original-32296,storyweaver,3,4,4
storyweaver-99710,storyweaver-original-30522,storyweaver,3,4,4
storyweaver-99711,storyweaver-original-25146,storyweaver,4,4,4
storyweaver-99712,storyweaver-original-21618,storyweaver,3,3,3
storyweaver-99713,storyweaver-original-21602,storyweaver,2,1,2
storyweaver-99715,storyweaver-original-51690,storyweaver,4,4,4
storyweaver-99717,storyweaver-original-49530,storyweaver,3,2,2
storyweaver-99719,storyweaver-original-24828,storyweaver,2,2,3
storyweaver-99720,storyweaver-original-31966,storyweaver,4,3,4
storyweaver-99794,storyweaver-original-25932,storyweaver,3,3,3
storyweaver-99798,storyweaver-original-54646,storyweaver,4,4,4
