dataset,slice_type,slice_name,books,lineage_groups,primary,comparator,qwk_delta_low,qwk_delta_median,qwk_delta_high,qwk_delta_valid_replicates,mae_delta_low,mae_delta_median,mae_delta_high,mae_delta_valid_replicates,exact_accuracy_delta_low,exact_accuracy_delta_median,exact_accuracy_delta_high,exact_accuracy_delta_valid_replicates,catastrophic_error_rate_delta_low,catastrophic_error_rate_delta_median,catastrophic_error_rate_delta_high,catastrophic_error_rate_delta_valid_replicates,primary_better,tie,primary_worse
core120,overall,all,120,120,ra_scope,uniform_pool,0.00532916274513868,0.03131677502405478,0.06531192401371022,10000,-0.09166666666666667,-0.04166666666666663,0.008333333333333304,10000,-0.008333333333333415,0.033333333333333326,0.08333333333333331,10000,-0.025,-0.008333333333333333,0.0,10000,7,111,2
core120,overall,all,120,120,ra_scope,length_ordinal,0.013375915616210286,0.05364634594489437,0.1135177729455259,10000,-0.20833333333333337,-0.125,-0.041666666666666685,10000,0.025000000000000022,0.09999999999999998,0.17500000000000004,10000,-0.04166666666666667,-0.016666666666666666,0.0,10000,19,96,5
core120,overall,all,120,120,ra_scope,char_tfidf,0.1409228848341201,0.2452944307040359,0.36203896868488233,10000,-0.4416666666666667,-0.2916666666666667,-0.14166666666666666,10000,0.04999999999999993,0.16666666666666669,0.2833333333333334,10000,-0.18333333333333332,-0.11666666666666667,-0.05833333333333333,10000,45,56,19
core120,overall,all,120,120,ra_scope,standard_measurements,0.10388288568352758,0.19886505083682532,0.3115838233402469,10000,-0.33333333333333337,-0.21666666666666667,-0.10833333333333334,10000,0.03333333333333338,0.125,0.21666666666666662,10000,-0.125,-0.075,-0.03333333333333333,10000,29,83,8
core120,overall,all,120,120,ra_scope,finetuned_macbert,0.007252898604800396,0.059771189577203065,0.11781888993422522,10000,-0.25000000000000006,-0.14166666666666666,-0.033333333333333326,10000,0.02499999999999991,0.125,0.22500000000000003,10000,-0.05,-0.016666666666666666,0.016666666666666666,10000,30,76,14
core120,overall,all,120,120,ra_scope,qwen25_3b_rubric,0.17297444659647762,0.2836105749996756,0.40457057334802105,10000,-0.6083333333333333,-0.4083333333333334,-0.22499999999999998,10000,0.033333333333333326,0.16666666666666669,0.30000000000000004,10000,-0.25,-0.175,-0.10833333333333334,10000,57,36,27
core120,source,global_asp,23,23,ra_scope,uniform_pool,0.0,0.08636787508862787,0.17241974218757883,10000,-0.13043478260869568,-0.04347826086956519,0.0,10000,0.0,0.0,0.0,10000,-0.13043478260869565,-0.043478260869565216,0.0,10000,1,22,0
core120,source,global_asp,23,23,ra_scope,length_ordinal,0.0,0.08215588315104311,0.2705159048382786,10000,-0.26086956521739135,-0.13043478260869562,0.0,10000,0.0,0.13043478260869565,0.26086956521739135,10000,0.0,0.0,0.0,10000,3,20,0
core120,source,global_asp,23,23,ra_scope,char_tfidf,-0.14369722059620132,0.06621254603123489,0.2695244625242222,10000,-0.47826086956521735,-0.13043478260869565,0.17391304347826092,10000,-0.21739130434782605,0.08695652173913049,0.3913043478260869,10000,-0.13043478260869565,-0.043478260869565216,0.0,10000,7,11,5
core120,source,global_asp,23,23,ra_scope,standard_measurements,-0.01985719888888791,0.2779271209834068,0.5592993785457157,10000,-0.5217391304347826,-0.17391304347826086,0.13043478260869562,10000,-0.17391304347826086,0.04347826086956519,0.26086956521739135,10000,-0.2608695652173913,-0.13043478260869565,0.0,10000,5,15,3
core120,source,global_asp,23,23,ra_scope,finetuned_macbert,0.0,0.04731497644386895,0.20090434106390728,10000,-0.2173913043478261,-0.08695652173913043,0.0,10000,0.0,0.08695652173913043,0.2173913043478261,10000,0.0,0.0,0.0,10000,2,21,0
core120,source,global_asp,23,23,ra_scope,qwen25_3b_rubric,-0.13135551849471824,0.04628701162377069,0.36720699035235393,10000,-0.3478260869565218,-0.043478260869565244,0.3043478260869565,10000,-0.3043478260869565,0.04347826086956519,0.3478260869565218,10000,0.0,0.0,0.0,10000,8,8,7
core120,source,storyweaver,89,89,ra_scope,uniform_pool,-0.0012228142201093802,0.030940095822186375,0.06974932437275226,10000,-0.1123595505617977,-0.0449438202247191,0.011235955056179803,10000,-0.011235955056179803,0.0449438202247191,0.1123595505617977,10000,0.0,0.0,0.0,10000,6,81,2
core120,source,storyweaver,89,89,ra_scope,length_ordinal,-0.0028465831145170224,0.05540599325864831,0.14490290871334338,10000,-0.20224719101123595,-0.10112359550561795,0.0,10000,-0.022471910112359494,0.06741573033707865,0.1573033707865168,10000,-0.056179775280898875,-0.02247191011235955,0.0,10000,13,71,5
core120,source,storyweaver,89,89,ra_scope,char_tfidf,0.3720215916203359,0.5338528286401956,0.6842865643588363,10000,-0.5393258426966292,-0.37078651685393255,-0.1910112359550562,10000,0.07865168539325845,0.21348314606741575,0.348314606741573,10000,-0.2247191011235955,-0.14606741573033707,-0.06741573033707865,10000,36,42,11
core120,source,storyweaver,89,89,ra_scope,standard_measurements,0.0850563409184161,0.18670131172146986,0.31293646052707036,10000,-0.35955056179775285,-0.23595505617977525,-0.1123595505617978,10000,0.044943820224719155,0.1460674157303371,0.24719101123595505,10000,-0.12359550561797752,-0.06741573033707865,-0.02247191011235955,10000,22,63,4
core120,source,storyweaver,89,89,ra_scope,finetuned_macbert,-0.004260252064214231,0.07560334521566253,0.16319125577759622,10000,-0.2921348314606741,-0.1460674157303371,0.0,10000,-0.011235955056179747,0.1235955056179775,0.2474719101123555,10000,-0.06741573033707865,-0.02247191011235955,0.02247191011235955,10000,26,49,14
core120,source,storyweaver,89,89,ra_scope,qwen25_3b_rubric,0.2693342360982686,0.42433322617886815,0.5822677081465648,10000,-0.797752808988764,-0.5617977528089888,-0.3258426966292135,10000,0.07865168539325845,0.2359550561797753,0.38202247191011235,10000,-0.33707865168539325,-0.23595505617977527,-0.14606741573033707,10000,47,26,16
core120,level_band,L1-L2,46,46,ra_scope,uniform_pool,0.0,0.0,0.0,10000,0.0,0.0,0.0,10000,0.0,0.0,0.0,10000,0.0,0.0,0.0,10000,0,46,0
core120,level_band,L1-L2,46,46,ra_scope,length_ordinal,0.02109716582253447,0.11816998766245845,0.2583057146733149,9999,-0.2826086956521739,-0.15217391304347827,-0.04347826086956519,10000,0.04347826086956519,0.15217391304347827,0.2826086956521739,10000,0.0,0.0,0.0,10000,8,37,1
core120,level_band,L1-L2,46,46,ra_scope,char_tfidf,-0.10328527618603238,0.0436719346465988,0.2160963159859893,10000,-0.7608695652173914,-0.4565217391304348,-0.15217391304347827,10000,-0.08695652173913043,0.10869565217391303,0.30434782608695654,10000,-0.45652173913043476,-0.32608695652173914,-0.1956521739130435,10000,21,16,9
core120,level_band,L1-L2,46,46,ra_scope,standard_measurements,-0.05921324683619299,0.17998974667885664,0.45296721579543603,10000,-0.3043478260869566,-0.13043478260869568,0.04347826086956519,10000,-0.06521739130434778,0.08695652173913043,0.2391304347826087,10000,-0.10869565217391304,-0.043478260869565216,0.0,10000,8,34,4
core120,level_band,L1-L2,46,46,ra_scope,finetuned_macbert,-0.059852389306886244,0.04677411154608746,0.1791650328496273,10000,-0.3043478260869566,-0.17391304347826086,-0.04347826086956519,10000,0.04347826086956519,0.17391304347826086,0.3043478260869566,10000,0.0,0.0,0.0,10000,10,34,2
core120,level_band,L1-L2,46,46,ra_scope,qwen25_3b_rubric,-0.13322878610326422,0.017832263224153155,0.16916034781949305,10000,-0.6304347826086958,-0.2608695652173913,0.08695652173913038,10000,-0.21739130434782616,0.021739130434782594,0.26086956521739135,10000,-0.1956521739130435,-0.10869565217391304,-0.021739130434782608,10000,19,11,16
core120,level_band,L3,40,40,ra_scope,uniform_pool,,,,0,0.0,0.04999999999999999,0.125,10000,-0.125,-0.04999999999999993,0.0,10000,0.0,0.0,0.0,10000,0,38,2
core120,level_band,L3,40,40,ra_scope,length_ordinal,,,,0,-0.325,-0.15000000000000002,0.025000000000000022,10000,-0.04999999999999993,0.125,0.3,10000,-0.07500000000000001,-0.025,0.0,10000,10,26,4
core120,level_band,L3,40,40,ra_scope,char_tfidf,,,,0,-0.725,-0.525,-0.32499999999999996,10000,0.3743750000000005,0.55,0.725,10000,0.0,0.025,0.075,10000,24,13,3
core120,level_band,L3,40,40,ra_scope,standard_measurements,,,,0,-0.17500000000000004,-0.04999999999999999,0.07500000000000001,10000,-0.125,-0.025000000000000022,0.07500000000000007,10000,-0.175,-0.075,0.0,10000,5,32,3
core120,level_band,L3,40,40,ra_scope,finetuned_macbert,,,,0,-0.4,-0.175,0.04999999999999999,10000,-0.050000000000000044,0.15000000000000002,0.35000000000000003,10000,-0.1,-0.025,0.05,10000,13,20,7
core120,level_band,L3,40,40,ra_scope,qwen25_3b_rubric,,,,0,-0.7500000000000001,-0.45,-0.12500000000000006,10000,-0.07499999999999996,0.125,0.325,10000,-0.425,-0.275,-0.12499999999999999,10000,18,16,6
core120,level_band,L4-L5,34,34,ra_scope,uniform_pool,-0.03939161465749949,0.06276692782068644,0.21831694594469808,9854,-0.35294117647058826,-0.20588235294117646,-0.08823529411764702,10000,0.05882352941176472,0.17647058823529416,0.32352941176470584,10000,-0.08823529411764706,-0.029411764705882353,0.0,10000,7,27,0
core120,level_band,L4-L5,34,34,ra_scope,length_ordinal,0.0,0.02556583201744511,0.0541339348214982,9852,-0.17647058823529416,-0.05882352941176472,0.0,10000,0.0,0.0,0.0,10000,-0.08823529411764706,-0.029411764705882353,0.0,10000,1,33,0
core120,level_band,L4-L5,34,34,ra_scope,char_tfidf,0.018157543391188247,0.08675108675108667,0.17191977077363885,9854,0.08823529411764705,0.20588235294117646,0.3529411764705882,10000,-0.3529411764705882,-0.2058823529411764,-0.08823529411764697,10000,0.0,0.0,0.0,10000,0,27,7
core120,level_band,L4-L5,34,34,ra_scope,standard_measurements,-0.09518474937463953,0.026413507142476034,0.13332163530556393,9879,-0.7941176470588234,-0.5294117647058822,-0.29411764705882354,10000,0.1764705882352941,0.35294117647058826,0.5294117647058824,10000,-0.23529411764705882,-0.11764705882352941,-0.029411764705882353,10000,16,17,1
core120,level_band,L4-L5,34,34,ra_scope,finetuned_macbert,-0.2664575716389809,-0.07691561904146338,0.022659155778253764,9873,-0.2647058823529412,-0.05882352941176472,0.14705882352941174,10000,-0.1470588235294118,0.02941176470588236,0.20588235294117652,10000,-0.08823529411764706,-0.029411764705882353,0.0,10000,7,22,5
core120,level_band,L4-L5,34,34,ra_scope,qwen25_3b_rubric,-0.06766893947187609,0.028866562897976622,0.09242507858381915,9845,-0.8529411764705881,-0.5588235294117647,-0.2647058823529411,10000,0.1470588235294118,0.411764705882353,0.6470588235294117,10000,-0.2647058823529412,-0.14705882352941177,-0.029411764705882353,10000,20,9,5
core120,single_level,L2,35,35,ra_scope,uniform_pool,,,,0,0.0,0.0,0.0,10000,0.0,0.0,0.0,10000,0.0,0.0,0.0,10000,0,35,0
core120,single_level,L2,35,35,ra_scope,length_ordinal,,,,0,-0.3714285714285714,-0.19999999999999996,-0.05714285714285705,10000,0.057142857142857134,0.2,0.3714285714285714,10000,0.0,0.0,0.0,10000,8,26,1
core120,single_level,L2,35,35,ra_scope,char_tfidf,,,,0,-0.7142857142857143,-0.37142857142857144,-0.02857142857142858,10000,-0.2285714285714286,0.0,0.2285714285714286,10000,-0.5428571428571428,-0.37142857142857144,-0.2,10000,16,10,9
core120,single_level,L2,35,35,ra_scope,standard_measurements,,,,0,-0.17142857142857143,0.0,0.17142857142857143,10000,-0.17142857142857137,0.0,0.17142857142857137,10000,0.0,0.0,0.0,10000,4,27,4
core120,single_level,L2,35,35,ra_scope,finetuned_macbert,,,,0,-0.4,-0.22857142857142854,-0.05714285714285705,10000,0.057142857142857134,0.22857142857142856,0.4,10000,0.0,0.0,0.0,10000,10,23,2
core120,single_level,L2,35,35,ra_scope,qwen25_3b_rubric,,,,0,-0.6285714285714286,-0.1428571428571429,0.28571428571428575,10000,-0.45714285714285713,-0.17142857142857143,0.11428571428571427,10000,-0.2571428571428571,-0.14285714285714285,-0.02857142857142857,10000,12,7,16
core120,single_level,L3,40,40,ra_scope,uniform_pool,,,,0,0.0,0.04999999999999999,0.125,10000,-0.125,-0.04999999999999993,0.0,10000,0.0,0.0,0.0,10000,0,38,2
core120,single_level,L3,40,40,ra_scope,length_ordinal,,,,0,-0.325,-0.15000000000000002,0.025000000000000022,10000,-0.050000000000000044,0.125,0.3,10000,-0.07500000000000001,-0.025,0.0,10000,10,26,4
core120,single_level,L3,40,40,ra_scope,char_tfidf,,,,0,-0.725,-0.525,-0.32499999999999996,10000,0.37499999999999994,0.55,0.725,10000,0.0,0.025,0.075,10000,24,13,3
core120,single_level,L3,40,40,ra_scope,standard_measurements,,,,0,-0.17500000000000004,-0.04999999999999999,0.07500000000000007,10000,-0.125,-0.025000000000000022,0.07500000000000007,10000,-0.15000000000000002,-0.075,0.0,10000,5,32,3
core120,single_level,L3,40,40,ra_scope,finetuned_macbert,,,,0,-0.4,-0.175,0.050000000000000044,10000,-0.050000000000000044,0.15000000000000002,0.35000000000000003,10000,-0.1,-0.025,0.05,10000,13,20,7
core120,single_level,L3,40,40,ra_scope,qwen25_3b_rubric,,,,0,-0.7500000000000001,-0.45,-0.125,10000,-0.07499999999999996,0.125,0.32499999999999996,10000,-0.425,-0.27499999999999997,-0.12499999999999999,10000,18,16,6
core120,single_level,L4,30,30,ra_scope,uniform_pool,,,,0,-0.36666666666666664,-0.2,-0.06666666666666665,10000,0.06666666666666665,0.19999999999999996,0.36666666666666664,10000,0.0,0.0,0.0,10000,6,24,0
core120,single_level,L4,30,30,ra_scope,length_ordinal,,,,0,-0.2,-0.06666666666666665,0.0,10000,0.0,0.0,0.0,10000,-0.1,-0.03333333333333333,0.0,10000,1,29,0
core120,single_level,L4,30,30,ra_scope,char_tfidf,,,,0,0.09999999999999999,0.23333333333333334,0.4,10000,-0.4,-0.2333333333333334,-0.09999999999999998,10000,0.0,0.0,0.0,10000,0,23,7
core120,single_level,L4,30,30,ra_scope,standard_measurements,,,,0,-0.8666666666666667,-0.6000000000000001,-0.36666666666666664,10000,0.2666666666666666,0.4333333333333333,0.6000000000000001,10000,-0.2,-0.1,0.0,10000,15,15,0
core120,single_level,L4,30,30,ra_scope,finetuned_macbert,,,,0,-0.30000000000000004,-0.09999999999999998,0.10000000000000003,10000,-0.13333333333333341,0.06666666666666665,0.2666666666666667,10000,-0.1,-0.03333333333333333,0.0,10000,7,19,4
core120,single_level,L4,30,30,ra_scope,qwen25_3b_rubric,,,,0,-1.0333333333333332,-0.7666666666666666,-0.5,10000,0.39999999999999997,0.6,0.8,10000,-0.3,-0.16666666666666666,-0.03333333333333333,10000,20,9,1
core120,source_contrast,non_storyweaver,31,31,ra_scope,uniform_pool,0.0,0.0697255960413855,0.15143333267881157,10000,-0.09677419354838712,-0.032258064516129004,0.0,10000,0.0,0.0,0.0,10000,-0.0967741935483871,-0.03225806451612903,0.0,10000,1,30,0
core120,source_contrast,non_storyweaver,31,31,ra_scope,length_ordinal,0.03162950754686767,0.1108585878227698,0.26066936248404005,10000,-0.3548387096774193,-0.1935483870967742,-0.06451612903225806,10000,0.06451612903225806,0.1935483870967742,0.3548387096774193,10000,0.0,0.0,0.0,10000,6,25,0
core120,source_contrast,non_storyweaver,31,31,ra_scope,char_tfidf,-0.14411042333778665,0.03695465900396777,0.21849275569409643,10000,-0.3548387096774193,-0.06451612903225806,0.19354838709677424,10000,-0.22580645161290325,0.032258064516129004,0.2903225806451613,10000,-0.0967741935483871,-0.03225806451612903,0.0,10000,9,14,8
core120,source_contrast,non_storyweaver,31,31,ra_scope,standard_measurements,-0.0011092807830089633,0.23548147457971286,0.46930238806075236,10000,-0.41935483870967744,-0.16129032258064513,0.09677419354838707,10000,-0.12903225806451613,0.06451612903225806,0.25806451612903225,10000,-0.22580645161290322,-0.0967741935483871,0.0,10000,7,20,4
core120,source_contrast,non_storyweaver,31,31,ra_scope,finetuned_macbert,0.012857954078501547,0.07191084327875424,0.19593904085563202,10000,-0.25806451612903225,-0.12903225806451613,-0.032258064516129004,10000,0.032258064516129004,0.12903225806451613,0.25806451612903225,10000,0.0,0.0,0.0,10000,4,27,0
core120,source_contrast,non_storyweaver,31,31,ra_scope,qwen25_3b_rubric,-0.1441181969031806,0.01653107447494695,0.24993484509988337,10000,-0.25806451612903225,0.03225806451612906,0.3225806451612903,10000,-0.3225806451612903,-0.032258064516129004,0.25806451612903225,10000,0.0,0.0,0.0,10000,10,10,11
waveD28,overall,all,28,28,ra_scope,uniform_pool,0.0,0.0,0.0,10000,0.0,0.0,0.0,10000,0.0,0.0,0.0,10000,0.0,0.0,0.0,10000,0,28,0
waveD28,overall,all,28,28,ra_scope,length_ordinal,-0.034189944134078276,0.014141414141414232,0.08033660375154819,10000,-0.1428571428571429,-0.0357142857142857,0.07142857142857145,10000,-0.07142857142857151,0.0357142857142857,0.1428571428571429,10000,0.0,0.0,0.0,10000,2,25,1
waveD28,overall,all,28,28,ra_scope,char_tfidf,0.09261622888807729,0.2926658260145235,0.4879668860573819,10000,-0.7142857142857143,-0.39285714285714285,-0.0714285714285714,10000,0.0,0.25,0.4642857142857143,10000,-0.2857142857142857,-0.14285714285714285,-0.03571428571428571,10000,10,15,3
waveD28,overall,all,28,28,ra_scope,standard_measurements,-0.0008877593227328388,0.1624659860391205,0.40964618347338927,10000,-0.3928571428571429,-0.14285714285714285,0.10714285714285715,10000,-0.1071428571428572,0.10714285714285715,0.32142857142857145,10000,-0.10714285714285714,-0.03571428571428571,0.0,10000,7,17,4
waveD28,overall,all,28,28,ra_scope,finetuned_macbert,0.0299406909092532,0.11443891339527024,0.22704147666135946,10000,-0.3571428571428571,-0.17857142857142855,0.0,10000,0.0,0.17857142857142855,0.35714285714285715,10000,0.0,0.0,0.0,10000,6,21,1
waveD28,overall,all,28,28,ra_scope,qwen25_3b_rubric,0.009747313449202245,0.17592488068021095,0.3132865588599086,10000,-0.6428571428571429,-0.32142857142857145,0.0,10000,-0.1071428571428572,0.14285714285714285,0.39285714285714285,10000,-0.2857142857142857,-0.14285714285714285,-0.03571428571428571,10000,11,12,5
waveD28,level_band,L1-L2,22,22,ra_scope,uniform_pool,0.0,0.0,0.0,9995,0.0,0.0,0.0,10000,0.0,0.0,0.0,10000,0.0,0.0,0.0,10000,0,22,0
waveD28,level_band,L1-L2,22,22,ra_scope,length_ordinal,0.0,0.10248447204968936,0.2883194348859438,9995,-0.18181818181818185,-0.04545454545454547,0.09090909090909094,10000,-0.09090909090909094,0.045454545454545414,0.18181818181818188,10000,0.0,0.0,0.0,10000,2,19,1
waveD28,level_band,L1-L2,22,22,ra_scope,char_tfidf,-0.13916493603028524,0.18036036036036063,0.5089689220099383,9997,-0.7727272727272727,-0.36363636363636365,0.0,10000,-0.09090909090909088,0.18181818181818182,0.45454545454545453,10000,-0.36363636363636365,-0.18181818181818182,-0.045454545454545456,10000,7,12,3
waveD28,level_band,L1-L2,22,22,ra_scope,standard_measurements,-0.13018297726401593,0.2194233736526906,0.6484187828333446,10000,-0.5454545454545454,-0.22727272727272724,0.045454545454545525,10000,-0.09090909090909088,0.18181818181818182,0.45454545454545453,10000,-0.13636363636363635,-0.045454545454545456,0.0,10000,7,12,3
waveD28,level_band,L1-L2,22,22,ra_scope,finetuned_macbert,-0.0054876527812420806,0.11432378414390376,0.33834586466165406,10000,-0.3636363636363636,-0.18181818181818182,-0.045454545454545414,10000,0.045454545454545414,0.18181818181818182,0.3636363636363636,10000,0.0,0.0,0.0,10000,4,18,0
waveD28,level_band,L1-L2,22,22,ra_scope,qwen25_3b_rubric,-0.2813883077136623,-0.005646785797168763,0.24865554440195647,9994,-0.4090909090909091,-0.09090909090909088,0.2272727272727273,10000,-0.27272727272727276,0.0,0.27272727272727276,10000,-0.13636363636363635,-0.045454545454545456,0.0,10000,6,11,5
