dataset,book_id,split_group,source_dataset,gold_level,support_state,qualified_anchor_count,support_backed_full_consensus,supported_anchor_conflict,projection_changed_logits,protected_grade,prediction_ra_scope,score_ra_scope,prediction_uniform_pool,score_uniform_pool,prediction_full_agreement_without_support,score_full_agreement_without_support,prediction_both_anchors_supported,score_both_anchors_supported,prediction_qualified_subset_contract,score_qualified_subset_contract,prediction_length_ordinal,score_length_ordinal,prediction_char_tfidf,score_char_tfidf,prediction_standard_measurements,score_standard_measurements,prediction_finetuned_macbert,score_finetuned_macbert,prediction_qwen25_3b_rubric,score_qwen25_3b_rubric
core120,gdl-8487,gdl-lineage-gdl-1030,global_digital_library,3,unsupported_conflict,0,False,False,False,0,2,2.3672289848327637,2,2.3672289848327637,2,2.3672289848327637,2,2.3672289848327637,2,2.3672289848327637,2,2.0753700512197755,3,2.9985590299555263,3,2.4018334981315173,2,1.9931494146585464,3,2.9106781447467256
core120,gdl-8493,gdl-lineage-gdl-1023,global_digital_library,2,supported_conflict,1,False,True,False,0,1,1.7460532188415527,1,1.7460532188415527,1,1.7460532188415527,1,1.7460532188415527,2,1.940335750579834,1,1.4809644012321472,2,2.947811518620857,1,1.1774067491650098,1,1.3780265658472974,2,2.3959256605885457
core120,gdl-8507,gdl-lineage-gdl-1017,global_digital_library,3,unsupported_conflict,0,False,False,False,0,3,2.535203456878662,3,2.535203456878662,3,2.535203456878662,3,2.535203456878662,3,2.535203456878662,2,2.1204610919114373,3,3.002250546774363,3,2.9143829070618956,2,2.103715093185504,3,3.249867112484935
core120,gdl-8515,gdl-lineage-gdl-1018,global_digital_library,2,supported_conflict,1,False,True,False,0,2,2.1977314949035645,2,2.1977314949035645,2,2.1977314949035645,2,2.1977314949035645,2,2.1977314949035645,1,1.4562835290517264,2,2.9679863225043386,3,2.9791786268976566,1,1.3874729940046866,3,2.645395454877871
core120,gdl-8521,gdl-lineage-gdl-1032,global_digital_library,3,supported_conflict,1,False,True,False,0,3,3.0241317749023438,3,3.0241317749023438,3,3.0241317749023438,3,3.0241317749023438,3,2.997621536254883,3,2.821309025893531,4,3.029242094101371,3,3.0112726901471456,3,3.2346985737482705,3,3.0308911895249366
core120,gdl-8525,gdl-lineage-gdl-1037,global_digital_library,2,supported_conflict,2,False,True,False,0,1,1.7551653385162354,1,1.7551653385162354,1,1.7551653385162354,1,1.7551653385162354,1,1.7551653385162354,1,1.5406256095745434,2,2.9677214921310697,1,1.0737325702595315,1,1.4385779220610857,2,2.0167375917869776
core120,gdl-8531,gdl-lineage-gdl-101,global_digital_library,2,support_backed_consensus,1,True,False,True,1,1,1.5750629901885986,1,1.6884236335754395,1,1.5750629901885986,1,1.6884236335754395,1,1.6884236335754395,1,1.5506119617146914,1,2.9340816082280425,1,1.006697970939313,1,1.2622988922521472,2,2.0615940294337634
core120,gdl-8533,gdl-lineage-gdl-1026,global_digital_library,2,supported_conflict,1,False,True,False,0,2,2.4215190410614014,2,2.4215190410614014,2,2.4215190410614014,2,2.4215190410614014,3,2.4398691654205322,1,1.7405649871803943,3,2.989876108140617,3,2.8169412440141084,2,2.138690250615279,3,2.933782162843272
core120,global-asp-0002,asp-story-0002,global_asp,1,supported_conflict,1,False,True,False,0,1,2.0540828704833984,1,2.0540828704833984,1,2.0540828704833984,1,2.0540828704833984,1,1.399153709411621,1,1.1263972861597285,2,2.962529428276631,3,2.8763296799057576,1,1.2510707468415299,2,2.001329475300736
core120,global-asp-0049,asp-story-0049,global_asp,1,supported_conflict,1,False,True,False,0,1,1.6271822452545166,1,1.6271822452545166,1,1.6271822452545166,1,1.6271822452545166,1,1.3559980392456055,1,1.1263972861597285,3,2.9784618026327605,1,1.0441392918245522,1,1.3597265956923366,1,1.0963088878658755
core120,global-asp-0064,asp-story-0064,global_asp,2,supported_conflict,2,False,True,False,0,1,1.78169846534729,1,1.78169846534729,1,1.78169846534729,1,1.78169846534729,1,1.78169846534729,1,1.3026874969517335,2,2.9720260149678692,2,1.6188671313958047,1,1.233209053054452,2,1.9798351863148689
core120,global-asp-0067,asp-story-0067,global_asp,1,support_backed_consensus,1,True,False,True,1,1,1.4911140203475952,1,1.9152209758758545,1,1.4911140203475952,1,1.9152209758758545,1,1.4911140203475952,1,1.1870830208859373,1,2.9228565918365854,3,2.35737436186347,1,1.1935656365628045,2,1.8903065199137927
core120,global-asp-0089,asp-story-0089,global_asp,3,unsupported_conflict,0,False,False,False,0,3,2.8513810634613037,3,2.8513810634613037,3,2.8513810634613037,3,2.8513810634613037,3,2.8513810634613037,3,2.2763468536815212,4,3.0136831978155816,3,3.149544446837031,3,2.9659456834197044,2,2.5177900487105944
core120,global-asp-0095,asp-story-0095,global_asp,2,unsupported_conflict,0,False,False,False,0,2,2.0829062461853027,2,2.0829062461853027,2,2.0829062461853027,2,2.0829062461853027,2,2.0829062461853027,1,1.7949909979632848,2,2.970929921089508,2,2.0696698259827695,1,1.4960305026421945,2,2.0350517609790586
core120,global-asp-0112,asp-story-0112,global_asp,1,support_backed_consensus,2,True,False,True,1,1,1.3927239179611206,1,1.6712725162506104,1,1.3927239179611206,1,1.3927239179611206,1,1.3927239179611206,1,1.1225564746576926,1,2.9570162690371955,1,1.4485583064209946,1,1.1569550700175266,2,3.1725170081481338
core120,global-asp-0123,asp-story-0123,global_asp,2,unsupported_consensus,0,False,False,False,0,1,1.6532282829284668,1,1.6532282829284668,1,1.4557762145996094,1,1.6532282829284668,1,1.6532282829284668,1,1.208421122214606,1,2.9287652557622055,1,1.2588313167573777,1,1.2168916591132681,1,1.137572858276826
core120,global-asp-0126,asp-story-0126,global_asp,2,supported_conflict,1,False,True,False,0,1,1.9843595027923584,1,1.9843595027923584,1,1.9843595027923584,1,1.9843595027923584,1,1.5372302532196045,1,1.2214519986315433,2,2.9802732179273574,2,2.0519515458575044,1,1.6837571940074363,2,1.9955463453116522
core120,global-asp-0127,asp-story-0127,global_asp,1,support_backed_consensus,1,True,False,True,1,1,1.1281260251998901,1,1.7700618505477905,1,1.1281260251998901,1,1.7700618505477905,1,1.7700618505477905,1,1.0133273570638588,1,2.921824396902063,1,1.999999779751115,1,1.1450917343609035,1,1.000254696806337
core120,global-asp-0129,asp-story-0129,global_asp,2,support_backed_consensus,2,True,False,True,1,1,1.399153709411621,1,1.7246049642562866,1,1.399153709411621,1,1.399153709411621,1,1.399153709411621,1,1.1263972861597285,1,2.9053494926093566,2,1.7022812488841153,1,1.1643879506736994,2,1.9821869009756483
core120,global-asp-0147,asp-story-0147,global_asp,2,support_backed_consensus,2,True,False,True,1,1,1.6008317470550537,1,1.7280168533325195,1,1.6008317470550537,1,1.6008317470550537,1,1.6008317470550537,1,1.5107315570521695,1,2.921147624672689,1,1.1078113815238038,1,1.3723727256680527,2,2.029770986943504
core120,global-asp-0158,asp-story-0158,global_asp,5,support_backed_consensus,2,True,False,True,4,4,3.2767086029052734,3,3.243096351623535,4,3.2767086029052734,4,3.2767086029052734,4,3.2767086029052734,4,3.293214890388059,4,3.0506004356829166,3,3.2100216078075468,4,3.4185446550448733,5,4.883007579693981
core120,global-asp-0176,asp-story-0176,global_asp,1,supported_conflict,1,False,True,False,0,1,1.9336092472076416,1,1.9336092472076416,1,1.9336092472076416,1,1.9336092472076416,1,1.4792922735214233,1,1.1786896929379531,2,2.950056915998281,2,2.3684124248155127,1,1.2372741873065631,2,2.0898035185009576
core120,global-asp-0212,asp-story-0212,global_asp,2,unsupported_conflict,0,False,False,False,0,1,1.6029413938522339,1,1.6029413938522339,1,1.6029413938522339,1,1.6029413938522339,1,1.6029413938522339,1,1.1460126747539678,2,2.9688754546482286,1,1.0001089217872514,1,1.296764675527811,2,2.009528422916734
core120,global-asp-0215,asp-story-0215,global_asp,1,support_backed_consensus,1,True,False,True,1,1,1.4942374229431152,1,1.6876364946365356,1,1.4942374229431152,1,1.6876364946365356,1,1.6876364946365356,1,1.208421122214606,1,2.9060385400592788,1,1.4905944238939226,1,1.1454879061008494,2,2.0229355392943944
core120,global-asp-0231,asp-story-0231,global_asp,1,unsupported_consensus,0,False,False,False,0,1,1.5540671348571777,1,1.5540671348571777,1,1.2588244676589966,1,1.5540671348571777,1,1.5540671348571777,1,1.068827039048998,1,2.939288257293637,1,1.0226025624615391,1,1.1855469125633438,1,1.0053412095787024
core120,global-asp-0234,asp-story-0234,global_asp,3,unsupported_conflict,0,False,False,False,0,3,2.8051321506500244,3,2.8051321506500244,3,2.8051321506500244,3,2.8051321506500244,3,2.8051321506500244,2,2.1909910196530076,4,3.0120111062608665,3,3.0759514509403894,3,2.9415711487332983,3,2.934789486432237
core120,global-asp-0296,asp-story-0296,global_asp,3,supported_conflict,1,False,True,False,0,3,2.545510768890381,3,2.545510768890381,3,2.545510768890381,3,2.545510768890381,4,2.8007755279541016,2,2.0525376325127294,4,3.007729684300831,3,3.0771332755960827,2,2.044639139125745,3,3.1517736414376145
core120,global-asp-0302,asp-story-0302,global_asp,2,supported_conflict,1,False,True,False,0,1,2.0874056816101074,1,2.0874056816101074,1,2.0874056816101074,1,2.0874056816101074,1,1.3258779048919678,1,1.0858532050518552,2,2.9796448180640738,3,2.9634771725359403,1,1.3206426712373893,3,3.1033080001488997
core120,global-asp-0309,asp-story-0309,global_asp,1,unsupported_conflict,0,False,False,False,0,1,1.5887460708618164,1,1.5887460708618164,1,1.5887460708618164,1,1.5887460708618164,1,1.5887460708618164,1,1.0591069580338337,2,2.961436877126569,1,1.0012604085001897,1,1.3331757731114826,2,1.7782627884298563
core120,global-asp-0331,asp-story-0331,global_asp,1,support_backed_consensus,1,True,False,True,1,1,1.5398764610290527,1,1.8080518245697021,1,1.5398764610290527,1,1.8080518245697021,1,1.5398764610290527,1,1.2479827763561793,1,2.9370409190256073,2,1.808434795441316,1,1.23874422442168,2,2.04644590660698
core120,global-asp-0342,asp-story-0342,global_asp,3,unsupported_conflict,0,False,False,False,0,2,2.3900771141052246,2,2.3900771141052246,2,2.3900771141052246,2,2.3900771141052246,2,2.3900771141052246,2,1.9923018116546698,3,2.991611666834779,2,2.301295558858881,2,2.275095610568921,3,3.0546400424336753
core120,storyweaver-113528,storyweaver-original-38669,storyweaver,3,unsupported_conflict,0,False,False,False,0,3,2.50677490234375,3,2.50677490234375,3,2.50677490234375,3,2.50677490234375,3,2.50677490234375,2,2.047948493345784,4,3.0259629686579417,3,2.984025281272878,2,1.9691584532459578,3,3.192616075974911
core120,storyweaver-127954,storyweaver-original-127954,storyweaver,2,unsupported_conflict,0,False,False,False,0,3,2.597991466522217,3,2.597991466522217,3,2.597991466522217,3,2.597991466522217,3,2.597991466522217,1,1.1703823781416793,4,3.0097458190902007,3,2.9659727331776815,3,3.245860089858373,3,2.941432148043532
core120,storyweaver-134706,storyweaver-original-114216,storyweaver,4,support_backed_consensus,1,True,False,False,4,4,3.5346322059631348,4,3.5346322059631348,4,3.5346322059631348,4,3.5346322059631348,4,3.5346322059631348,4,3.6523889695584955,4,3.0140936297036083,4,3.455691700245411,4,4.016350269317627,6,5.923340135172603
core120,storyweaver-18398,storyweaver-original-17207,storyweaver,2,unsupported_conflict,0,False,False,False,0,2,2.062089443206787,2,2.062089443206787,2,2.062089443206787,2,2.062089443206787,2,2.062089443206787,1,1.4268516897603436,3,2.9958914783756447,2,2.159811465686607,1,1.665799343958497,6,5.877012117143849
core120,storyweaver-18449,storyweaver-original-1,storyweaver,2,supported_conflict,2,False,True,False,0,2,2.1232290267944336,2,2.1232290267944336,2,2.1232290267944336,2,2.1232290267944336,2,2.1232290267944336,1,1.620683173360995,3,2.9927246171750106,2,2.3244582576592903,1,1.5550454252709947,3,2.577558835637319
core120,storyweaver-18453,storyweaver-original-15139,storyweaver,3,unsupported_conflict,0,False,False,False,0,3,2.8305015563964844,3,2.8305015563964844,3,2.8305015563964844,3,2.8305015563964844,3,2.8305015563964844,3,2.592000415708988,4,3.0305008627328602,3,3.258755002457064,2,2.4407456616560617,3,3.118486322727989
core120,storyweaver-18454,storyweaver-original-250,storyweaver,2,supported_conflict,2,False,True,False,0,1,1.7437255382537842,1,1.7437255382537842,1,1.7437255382537842,1,1.7437255382537842,1,1.7437255382537842,1,1.3735529773631099,2,2.980220646310085,1,1.0069343277012168,1,1.6141900885850191,2,2.385787438135594
core120,storyweaver-18459,storyweaver-original-1042,storyweaver,2,supported_conflict,2,False,True,False,0,2,2.010810613632202,2,2.010810613632202,2,2.010810613632202,2,2.010810613632202,2,2.010810613632202,1,1.6056548100652115,2,2.968355095596845,2,1.849070599411586,1,1.6201576969275873,3,2.824530592239171
core120,storyweaver-18461,storyweaver-original-111,storyweaver,5,support_backed_consensus,2,True,False,False,4,4,3.653247356414795,4,3.653247356414795,4,3.653247356414795,4,3.653247356414795,4,3.653247356414795,4,3.9158331738964485,4,3.077109630802597,4,4.173454663234679,4,3.446587766210238,5,5.233272737492897
core120,storyweaver-18535,storyweaver-original-182,storyweaver,4,support_backed_consensus,1,True,False,True,4,4,3.692744731903076,4,3.687532424926758,4,3.692744731903076,4,3.687532424926758,4,3.687532424926758,4,3.962397470688633,4,3.056733820230346,4,4.153758520143122,4,3.577235773205757,6,5.65572447172508
core120,storyweaver-18600,storyweaver-original-189,storyweaver,4,supported_conflict,1,False,True,False,0,3,2.9030771255493164,3,2.9030771255493164,3,2.9030771255493164,3,2.9030771255493164,3,2.853977680206299,3,2.570150556059857,4,3.04585887899863,3,2.8750768283930355,3,3.121218129992485,3,3.5511834634726256
core120,storyweaver-18601,storyweaver-original-1057,storyweaver,2,unsupported_conflict,0,False,False,False,0,2,2.338263750076294,2,2.338263750076294,2,2.338263750076294,2,2.338263750076294,2,2.338263750076294,2,2.1515638391818266,4,3.0090165752055134,2,1.9428133664155989,2,2.2496574595570564,5,5.001082275874843
core120,storyweaver-18612,storyweaver-original-1052,storyweaver,3,unsupported_conflict,0,False,False,False,0,2,2.5084447860717773,2,2.5084447860717773,2,2.5084447860717773,2,2.5084447860717773,2,2.5084447860717773,3,2.2255061837475623,4,3.0329956282379005,2,2.3868184495695806,2,2.388454909125964,3,3.285528187183445
core120,storyweaver-18670,storyweaver-original-453,storyweaver,2,unsupported_conflict,0,False,False,False,0,1,1.826606035232544,1,1.826606035232544,1,1.826606035232544,1,1.826606035232544,1,1.826606035232544,1,1.4317413596100277,2,2.9844052130751804,1,1.4624370651799115,1,1.4278362191592653,2,2.5880063723216153
core120,storyweaver-18743,storyweaver-original-7,storyweaver,2,support_backed_consensus,1,True,False,True,1,1,1.5046099424362183,1,1.7248026132583618,1,1.5046099424362183,1,1.7248026132583618,1,1.7248026132583618,1,1.2435197276890269,1,2.9312838837424593,1,1.3701262604344988,1,1.3542763190343976,2,2.0731377282234007
core120,storyweaver-18745,storyweaver-original-18147,storyweaver,3,support_backed_consensus,1,True,False,True,4,4,3.3129496574401855,4,3.3108129501342773,4,3.3129496574401855,4,3.3108129501342773,4,3.3129496574401855,4,3.496449687384504,4,3.0563442932236793,4,4.083565042581859,2,2.606888440748056,6,5.997775648029872
core120,storyweaver-18748,storyweaver-original-19,storyweaver,2,unsupported_conflict,0,False,False,False,0,2,2.6785871982574463,2,2.6785871982574463,2,2.6785871982574463,2,2.6785871982574463,2,2.6785871982574463,3,3.107626297641077,4,2.9990418519124384,1,1.4607060147988196,3,3.1469698970516524,5,5.064216430608212
core120,storyweaver-18867,storyweaver-original-14833,storyweaver,2,unsupported_conflict,0,False,False,False,0,1,1.7072834968566895,1,1.7072834968566895,1,1.7072834968566895,1,1.7072834968566895,1,1.7072834968566895,1,1.2435197276890269,2,2.9721027524884867,1,1.0021519048390704,1,1.6113557908684015,2,2.133818383446851
core120,storyweaver-19019,storyweaver-original-13933,storyweaver,3,supported_conflict,2,False,True,False,0,3,2.7824769020080566,3,2.7824769020080566,3,2.7824769020080566,3,2.7824769020080566,3,2.7824769020080566,3,2.708211029893266,4,3.061438407305566,3,2.5727860681532504,3,2.7874680012464523,4,4.163580892295698
core120,storyweaver-19271,storyweaver-original-49,storyweaver,3,unsupported_conflict,0,False,False,False,0,2,2.3954813480377197,2,2.3954813480377197,2,2.3954813480377197,2,2.3954813480377197,2,2.3954813480377197,2,2.1427163007769066,4,3.0332672552676776,2,1.9181442871911143,2,2.4877932282785578,5,4.415993607745008
core120,storyweaver-19272,storyweaver-original-33,storyweaver,3,unsupported_conflict,0,False,False,False,0,3,2.7545576095581055,3,2.7545576095581055,3,2.7545576095581055,3,2.7545576095581055,3,2.7545576095581055,2,2.138280831138336,4,3.014843979531905,3,2.980206904466347,3,2.884894333779812,5,4.610626221814073
core120,storyweaver-19807,storyweaver-original-7892,storyweaver,4,supported_conflict,2,False,True,False,0,3,2.8676462173461914,3,2.8676462173461914,3,2.8676462173461914,3,2.8676462173461914,3,2.8676462173461914,3,2.96135665131435,4,3.038733513148925,1,1.5275440429969422,4,3.9429466625054674,3,3.195212054219155
core120,storyweaver-19855,storyweaver-original-9009,storyweaver,3,supported_conflict,1,False,True,False,0,3,2.6542344093322754,3,2.6542344093322754,3,2.6542344093322754,3,2.6542344093322754,3,2.625819206237793,3,2.43798012553218,4,3.0281783438071614,3,3.0010631506509777,2,2.1497120683391886,4,3.894001005245002
core120,storyweaver-19877,storyweaver-original-218,storyweaver,2,unsupported_conflict,0,False,False,False,0,2,2.552669048309326,2,2.552669048309326,2,2.552669048309326,2,2.552669048309326,2,2.552669048309326,2,2.1779189815758517,4,3.0396825342569556,2,2.1777962845640655,3,2.8152739380796747,3,3.024911447851082
core120,storyweaver-19894,storyweaver-original-167,storyweaver,4,support_backed_consensus,1,True,False,True,4,4,3.3615667819976807,3,3.2631356716156006,4,3.3615667819976807,3,3.2631356716156006,4,3.3615667819976807,4,3.554737406472538,4,3.0678927390437396,3,2.917569734027241,4,3.5123387773831687,5,4.199077626378767
core120,storyweaver-19989,storyweaver-original-156,storyweaver,4,support_backed_consensus,1,True,False,True,4,4,3.366309881210327,4,3.365229606628418,4,3.366309881210327,4,3.365229606628418,4,3.365591526031494,4,3.2907953474378435,4,3.063258897798458,3,3.3713559967073237,4,3.735504627227783,4,4.008188067449765
core120,storyweaver-20012,storyweaver-original-758,storyweaver,3,supported_conflict,1,False,True,False,0,2,2.472679853439331,2,2.472679853439331,2,2.472679853439331,2,2.472679853439331,3,2.673128604888916,3,2.7150455265839426,4,3.010517335547869,1,1.0575947454773884,3,3.1075573464234667,5,4.585479537835681
core120,storyweaver-20032,storyweaver-original-7263,storyweaver,3,supported_conflict,2,False,True,False,0,3,3.0572612285614014,3,3.0572612285614014,3,3.0572612285614014,3,3.0572612285614014,3,3.0572612285614014,3,3.008630958182162,4,3.04579088563996,3,3.0863744656526633,3,3.0882443537314734,5,4.800933103567672
core120,storyweaver-20049,storyweaver-original-2169,storyweaver,4,supported_conflict,1,False,True,False,0,3,3.2330269813537598,3,3.2330269813537598,3,3.2330269813537598,3,3.2330269813537598,4,3.3402068614959717,3,3.1240028627284224,4,3.0706635804748,3,3.006839521573491,4,3.730598628520966,3,2.963226760388352
core120,storyweaver-20412,storyweaver-original-258,storyweaver,3,support_backed_consensus,1,True,False,True,4,4,3.2994918823242188,3,3.2853095531463623,4,3.2994918823242188,3,3.2853095531463623,4,3.2994918823242188,4,3.3124177745686567,4,3.0480703114140084,3,3.4140810737647027,3,3.366665244102478,3,3.5868046401401443
core120,storyweaver-20419,storyweaver-original-12293,storyweaver,2,supported_conflict,1,False,True,False,0,1,1.8297884464263916,1,1.8297884464263916,1,1.8297884464263916,1,1.8297884464263916,3,2.2934374809265137,1,1.466140564679494,3,2.998688470159804,1,1.0210098934408733,1,1.8333108512063823,2,2.5138898563515113
core120,storyweaver-20469,storyweaver-original-14798,storyweaver,2,supported_conflict,1,False,True,False,0,1,1.8165618181228638,1,1.8165618181228638,1,1.8165618181228638,1,1.8165618181228638,1,1.6686309576034546,1,1.515706119734019,4,3.001419205104831,1,1.076783747160377,1,1.6723341712107263,3,2.5642405668513675
core120,storyweaver-20798,storyweaver-original-12172,storyweaver,4,support_backed_consensus,2,True,False,True,4,4,3.156904458999634,3,3.0589773654937744,4,3.156904458999634,4,3.156904458999634,4,3.156904458999634,4,3.293214890388059,4,3.033316742834964,3,2.3902087607376643,4,3.519164775808652,4,4.438977483035508
core120,storyweaver-20801,storyweaver-original-15050,storyweaver,2,supported_conflict,1,False,True,False,0,1,1.9825137853622437,1,1.9825137853622437,1,1.9825137853622437,1,1.9825137853622437,1,1.6813023090362549,1,1.3449216894113079,3,2.9858115076933243,2,1.9522156878733676,1,1.6471022541324298,2,1.9886844994034618
core120,storyweaver-20873,storyweaver-original-98,storyweaver,2,unsupported_conflict,0,False,False,False,0,1,2.2973814010620117,1,2.2973814010620117,1,2.2973814010620117,1,2.2973814010620117,1,2.2973814010620117,2,2.1996666349135428,4,3.0171550034730057,1,1.1068835186684287,3,2.8658152148127556,3,3.2061775038416727
core120,storyweaver-20929,storyweaver-original-1207,storyweaver,3,supported_conflict,1,False,True,False,0,2,2.4818694591522217,2,2.4818694591522217,2,2.4818694591522217,2,2.4818694591522217,3,2.554978847503662,3,2.465077839143925,4,3.0273191465798535,1,1.0837582064980358,3,3.3513187915086746,5,4.282488122931682
core120,storyweaver-20957,storyweaver-original-11949,storyweaver,2,supported_conflict,1,False,True,False,0,1,1.8717560768127441,1,1.8717560768127441,1,1.8717560768127441,1,1.8717560768127441,1,1.700120210647583,1,1.4958297104454945,4,3.0076198001868675,1,1.005165995289605,2,1.9784049851198993,2,2.3669172056634125
core120,storyweaver-21233,storyweaver-original-11166,storyweaver,4,support_backed_consensus,2,True,False,True,4,4,3.6753640174865723,4,3.769407272338867,4,3.6753640174865723,4,3.6753640174865723,4,3.6753640174865723,4,3.832608830090442,4,3.060388056460975,5,4.65768282256398,4,3.526944413781166,5,5.162347831527526
core120,storyweaver-21473,storyweaver-original-1002,storyweaver,4,support_backed_consensus,1,True,False,True,4,4,3.2898366451263428,3,3.07539963722229,4,3.2898366451263428,3,3.07539963722229,4,3.2898366451263428,4,3.4985082414128588,4,3.027084119141194,1,2.2891150992171663,4,3.4868867148955665,3,3.5157244027695924
core120,storyweaver-21479,storyweaver-original-345,storyweaver,3,unsupported_conflict,0,False,False,False,0,3,2.7659592628479004,3,2.7659592628479004,3,2.7659592628479004,3,2.7659592628479004,3,2.7659592628479004,3,2.645640570642346,4,3.038226340933665,3,2.882394986471346,2,2.4975719526410103,3,3.0069779083753474
core120,storyweaver-21482,storyweaver-original-16411,storyweaver,3,unsupported_conflict,0,False,False,False,0,2,2.3649110794067383,2,2.3649110794067383,2,2.3649110794067383,2,2.3649110794067383,2,2.3649110794067383,2,2.0889781530209355,4,3.0097750820511826,2,2.2614466878067097,2,2.099440559744835,3,2.9282522680587135
core120,storyweaver-21485,storyweaver-original-13963,storyweaver,4,support_backed_consensus,2,True,False,True,4,4,3.2509994506835938,3,3.2108898162841797,4,3.2509994506835938,4,3.2509994506835938,4,3.2509994506835938,4,3.3147990650028936,4,3.0539208365881563,3,3.209551065746876,3,3.2652840465307236,5,5.433754239747792
core120,storyweaver-21486,storyweaver-original-943,storyweaver,3,supported_conflict,1,False,True,False,0,3,2.9532113075256348,3,2.9532113075256348,3,2.9532113075256348,3,2.9532113075256348,3,2.9369685649871826,3,2.732030600184087,4,3.039266621994049,3,3.242205634368358,3,2.7993392323454223,3,3.058692327378594
core120,storyweaver-21499,storyweaver-original-144,storyweaver,3,supported_conflict,1,False,True,False,0,3,2.7237253189086914,3,2.7237253189086914,3,2.7237253189086914,3,2.7237253189086914,3,2.693418502807617,3,2.5220140244910154,4,3.006886471744484,3,3.0428597659592564,2,2.323137427369754,2,2.2454099755714196
core120,storyweaver-22268,storyweaver-original-1029,storyweaver,2,supported_conflict,1,False,True,False,0,2,2.270371675491333,2,2.270371675491333,2,2.270371675491333,2,2.270371675491333,2,2.1999945640563965,2,1.9165260032282307,4,3.001440216334953,2,2.3457351595066793,1,1.8177815483262143,3,3.1898343939101323
core120,storyweaver-234421,storyweaver-original-29919,storyweaver,4,support_backed_consensus,2,True,False,True,4,4,3.494055986404419,4,3.460488796234131,4,3.494055986404419,4,3.494055986404419,4,3.494055986404419,4,3.6981901133638004,4,3.082826645220613,3,3.4571747428126294,4,3.603760595122973,5,5.299528061403821
core120,storyweaver-266338,storyweaver-original-24727,storyweaver,5,support_backed_consensus,1,True,False,True,4,4,3.649810552597046,4,3.6871373653411865,4,3.649810552597046,4,3.6871373653411865,4,3.649810552597046,4,3.684299769519331,4,3.048228881210912,4,3.8736183451225137,5,4.142397532860437,5,5.054248266649527
core120,storyweaver-266369,storyweaver-original-127711,storyweaver,4,support_backed_consensus,1,True,False,True,4,4,3.2323858737945557,4,3.2297139167785645,4,3.2323858737945557,4,3.2297139167785645,4,3.2323858737945557,4,3.384313433711282,4,3.052248525149774,4,3.4045999254889536,3,3.077689280112584,5,5.4282261763569615
core120,storyweaver-266388,storyweaver-original-62768,storyweaver,4,support_backed_consensus,1,True,False,True,4,4,3.64267635345459,4,3.498420000076294,4,3.64267635345459,4,3.498420000076294,4,3.498420000076294,4,3.996576011370769,4,3.0982369039285977,3,3.207452415139593,4,3.6914107700188956,6,5.589383212443144
core120,storyweaver-266466,storyweaver-original-70193,storyweaver,4,support_backed_consensus,2,True,False,True,4,4,3.8182907104492188,4,3.8098464012145996,4,3.8182907104492188,4,3.8182907104492188,4,3.8182907104492188,4,4.296655875774862,4,3.1012984854114665,4,3.866230086369406,4,3.9751974244912467,3,2.7043861007259693
core120,storyweaver-266479,storyweaver-original-103458,storyweaver,4,support_backed_consensus,1,True,False,True,4,4,3.416991710662842,4,3.3535919189453125,4,3.416991710662842,4,3.3535919189453125,4,3.416991710662842,4,3.659560412292469,4,3.0537864109732578,3,3.407602027710647,3,3.2934141457080846,6,5.922446316543744
core120,storyweaver-267081,storyweaver-original-46999,storyweaver,4,support_backed_consensus,2,True,False,False,4,4,3.4703357219696045,4,3.4703357219696045,4,3.4703357219696045,4,3.4703357219696045,4,3.4703357219696045,4,3.7634673631637288,4,3.0703621571900146,4,3.8772972793563962,3,3.1702117025852203,5,4.376533574488803
core120,storyweaver-28189,storyweaver-original-1281,storyweaver,3,unsupported_conflict,0,False,False,False,0,2,2.4070851802825928,2,2.4070851802825928,2,2.4070851802825928,2,2.4070851802825928,2,2.4070851802825928,3,2.3667038091995165,4,3.019343034473928,1,1.4685538775343945,3,2.7737356275320053,6,5.931228700934454
core120,storyweaver-329581,storyweaver-original-155793,storyweaver,3,supported_conflict,1,False,True,False,0,1,2.340289354324341,1,2.340289354324341,1,2.340289354324341,1,2.340289354324341,1,1.9219448566436768,1,1.6006459012241203,4,3.027922568135783,1,1.001357503506662,4,3.7312270601590476,3,2.7271828787925187
core120,storyweaver-337553,storyweaver-original-28121,storyweaver,3,supported_conflict,1,False,True,False,0,3,2.814563751220703,3,2.814563751220703,3,2.814563751220703,3,2.814563751220703,3,2.7696585655212402,3,2.472757669025663,4,3.034684798949519,3,2.957376072678681,3,2.793431021273136,3,2.583543690801889
core120,storyweaver-39813,storyweaver-original-369,storyweaver,3,unsupported_conflict,0,False,False,False,0,3,2.654402732849121,3,2.654402732849121,3,2.654402732849121,3,2.654402732849121,3,2.654402732849121,2,2.2126214958599095,4,3.0467890435039955,3,2.246500661457335,3,3.1116959949334464,5,5.179436526675545
core120,storyweaver-412162,storyweaver-original-26810,storyweaver,4,support_backed_consensus,2,True,False,True,4,4,3.58784818649292,4,3.519235134124756,4,3.58784818649292,4,3.58784818649292,4,3.58784818649292,4,4.009406465975106,4,3.0559462168832763,4,3.3286207322386483,4,3.682962695757548,4,3.853078346583601
core120,storyweaver-412364,storyweaver-original-94562,storyweaver,3,supported_conflict,1,False,True,False,0,3,2.867617607116699,3,2.867617607116699,3,2.867617607116699,3,2.867617607116699,4,3.104182243347168,3,2.631472073535458,4,3.03547120072133,3,2.925738291531176,3,2.877785210808118,4,4.339907235384516
core120,storyweaver-412394,storyweaver-original-86700,storyweaver,4,unsupported_conflict,0,False,False,False,0,3,2.4342358112335205,3,2.4342358112335205,3,2.4342358112335205,3,2.4342358112335205,3,2.4342358112335205,1,1.5556084337960177,3,2.993551373014168,3,2.93358119189444,2,2.254198261847099,2,3.0267067382810637
core120,storyweaver-412397,storyweaver-original-27658,storyweaver,4,supported_conflict,1,False,True,False,0,3,3.2214174270629883,3,3.2214174270629883,3,3.2214174270629883,3,3.2214174270629883,4,3.2624945640563965,3,3.18260347943925,4,3.0580116743135712,3,3.4485546072860003,3,3.196495234966278,5,4.8847945432594315
core120,storyweaver-412711,storyweaver-original-28966,storyweaver,3,unsupported_conflict,0,False,False,False,0,3,2.7623801231384277,3,2.7623801231384277,3,2.7623801231384277,3,2.7623801231384277,3,2.7623801231384277,2,2.2169241821168293,4,3.0618435560045407,3,3.0034400953641787,3,2.767308632532756,3,3.2877407292980934
core120,storyweaver-450268,storyweaver-original-60744,storyweaver,3,supported_conflict,1,False,True,False,0,3,2.861859083175659,3,2.861859083175659,3,2.861859083175659,3,2.861859083175659,3,2.847315549850464,3,2.792000472299947,4,3.0449413570928883,3,2.6790987306458707,3,2.9313915347059565,5,4.410073229242698
core120,storyweaver-459241,storyweaver-original-34787,storyweaver,4,unsupported_conflict,0,False,False,False,0,3,3.3362762928009033,3,3.3362762928009033,3,3.3362762928009033,3,3.3362762928009033,3,3.3362762928009033,3,3.0546280149493166,4,3.0478535340079667,3,3.6706066971464875,4,3.572013045350711,4,3.7665102496749796
core120,storyweaver-577649,storyweaver-original-577649,storyweaver,2,unsupported_conflict,0,False,False,False,0,1,1.9169938564300537,1,1.9169938564300537,1,1.9169938564300537,1,1.9169938564300537,1,1.9169938564300537,1,1.1540400508120408,4,3.0052026477884404,1,1.952474166492441,1,1.556254407390952,2,1.9987707329685236
core120,storyweaver-577904,storyweaver-original-577551,storyweaver,2,supported_conflict,1,False,True,False,0,2,2.0807347297668457,2,2.0807347297668457,2,2.0807347297668457,2,2.0807347297668457,1,1.5028146505355835,1,1.1955590218385013,4,3.013636945483178,2,2.289130706565097,1,1.8246077491591373,3,3.4195669001492206
core120,storyweaver-577905,storyweaver-original-577558,storyweaver,2,supported_conflict,1,False,True,False,0,1,2.124588966369629,1,2.124588966369629,1,2.124588966369629,1,2.124588966369629,1,1.58164381980896,1,1.256955899797105,4,3.007725165645933,3,2.3009969466919706,1,1.9326734816034634,4,3.488207595248241
core120,storyweaver-577907,storyweaver-original-577563,storyweaver,1,unsupported_conflict,0,False,False,False,0,1,1.9077861309051514,1,1.9077861309051514,1,1.9077861309051514,1,1.9077861309051514,1,1.9077861309051514,1,1.1580904269362196,4,3.0096079928499817,1,1.8252757172848177,1,1.6381662357598543,1,1.0002506826488116
core120,storyweaver-589573,storyweaver-original-650,storyweaver,4,support_backed_consensus,1,True,False,True,4,4,3.3776183128356934,3,3.3094747066497803,4,3.3776183128356934,3,3.3094747066497803,4,3.3776183128356934,4,3.4819397952959417,4,3.063374353184346,3,3.3817127947660706,3,3.3108676820993423,3,3.01471834970107
core120,storyweaver-589577,storyweaver-original-89567,storyweaver,4,support_backed_consensus,1,True,False,True,4,4,3.3790369033813477,4,3.3740458488464355,4,3.3790369033813477,4,3.3740458488464355,4,3.3740458488464355,4,3.4330028730026285,4,3.0823643200829367,4,3.508452082947739,4,3.472359870870908,5,4.488096848767611
core120,storyweaver-638688,storyweaver-original-355071,storyweaver,3,supported_conflict,1,False,True,False,0,3,2.9067041873931885,3,2.9067041873931885,3,2.9067041873931885,3,2.9067041873931885,4,3.0637550354003906,3,2.374739138232441,4,3.0481925109609374,2,2.532787619472914,4,3.671093881130219,3,3.6086876230765483
core120,storyweaver-638705,storyweaver-original-28960,storyweaver,4,support_backed_consensus,1,True,False,False,4,4,3.571570873260498,4,3.571570873260498,4,3.571570873260498,4,3.571570873260498,4,3.571570873260498,4,3.5189000305439593,4,3.0755105039705373,4,3.8932490857024193,4,3.7986195286115008,5,4.668383674213002
core120,storyweaver-659356,storyweaver-original-41319,storyweaver,5,support_backed_consensus,2,True,False,True,4,4,3.803596019744873,4,3.8507184982299805,4,3.803596019744873,4,3.803596019744873,4,3.803596019744873,4,4.063878727002013,4,3.072898779084307,5,4.709468353955293,4,3.5566240151723227,5,4.58914102928955
core120,storyweaver-659375,storyweaver-original-36947,storyweaver,3,supported_conflict,1,False,True,False,0,3,2.481224298477173,3,2.481224298477173,3,2.481224298477173,3,2.481224298477173,2,2.299185276031494,2,1.9451442127418215,4,3.004750618274359,3,3.1192761401766025,1,1.855722355345885,3,3.9786536851866003
core120,storyweaver-659376,storyweaver-original-26576,storyweaver,4,unsupported_conflict,0,False,False,False,0,3,3.1763036251068115,3,3.1763036251068115,3,3.1763036251068115,3,3.1763036251068115,3,3.1763036251068115,3,2.9035221242194176,4,3.034446541019903,5,4.085365577539158,3,2.6818763439853988,3,3.633791593279966
core120,storyweaver-92448,storyweaver-original-31958,storyweaver,3,supported_conflict,2,False,True,False,0,3,2.8193318843841553,3,2.8193318843841553,3,2.8193318843841553,3,2.8193318843841553,3,2.8193318843841553,3,2.9732964184901696,4,3.0580391826610778,2,2.0924743930374285,3,3.1535136476159096,3,3.2308194784295665
core120,storyweaver-93146,storyweaver-original-24620,storyweaver,4,support_backed_consensus,2,True,False,True,4,4,3.3392374515533447,3,3.1518137454986572,4,3.3392374515533447,4,3.3392374515533447,4,3.3392374515533447,4,3.591399809626854,4,3.0733669590122803,3,2.879992536591627,3,3.062491163611412,3,3.3734602072509006
core120,storyweaver-99706,storyweaver-original-25395,storyweaver,3,supported_conflict,1,False,True,False,0,3,2.6645965576171875,3,2.6645965576171875,3,2.6645965576171875,3,2.6645965576171875,3,2.6244330406188965,3,2.3907221447126474,4,3.0488946270850645,3,2.7910771482607277,2,2.4276882633566856,3,3.648357302326076
core120,storyweaver-99708,storyweaver-original-32292,storyweaver,3,unsupported_conflict,0,False,False,False,0,3,3.0186636447906494,3,3.0186636447906494,3,3.0186636447906494,3,3.0186636447906494,3,3.0186636447906494,3,2.928100711659508,4,3.0518037858266194,3,3.282798672871503,3,2.811947263777256,4,4.15022809051186
core120,storyweaver-99709,storyweaver-original-32296,storyweaver,3,support_backed_consensus,1,True,False,True,4,4,3.2353675365448,3,3.0343921184539795,4,3.2353675365448,3,3.0343921184539795,4,3.2353675365448,4,3.38656772289627,4,3.0558053603574664,2,2.6255515051389313,3,3.069639345010122,5,4.790142061291397
core120,storyweaver-99710,storyweaver-original-30522,storyweaver,3,unsupported_consensus,0,False,False,False,0,4,3.4372568130493164,4,3.4372568130493164,4,3.430410861968994,4,3.4372568130493164,4,3.4372568130493164,4,3.4416552966617737,4,3.061247461673294,4,4.187772283234088,3,3.0583484694361687,5,5.199362829973939
core120,storyweaver-99711,storyweaver-original-25146,storyweaver,4,support_backed_consensus,1,True,False,False,4,4,3.40327525138855,4,3.40327525138855,4,3.40327525138855,4,3.40327525138855,4,3.40327525138855,4,3.3500171736058575,4,3.054297843819304,4,3.422847892952706,4,3.7859344085057574,5,4.257145539263547
core120,storyweaver-99712,storyweaver-original-21618,storyweaver,3,supported_conflict,2,False,True,False,0,3,2.5367443561553955,3,2.5367443561553955,3,2.5367443561553955,3,2.5367443561553955,3,2.5367443561553955,2,1.897319410909123,3,2.996115854887895,3,2.9835040575936773,2,2.2700337183972197,3,2.953212654705567
core120,storyweaver-99713,storyweaver-original-21602,storyweaver,2,unsupported_conflict,0,False,False,False,0,1,2.0023903846740723,1,2.0023903846740723,1,2.0023903846740723,1,2.0023903846740723,1,2.0023903846740723,1,1.5506119617146914,4,3.010765724601049,1,1.1528980349455975,2,2.2952811432381472,6,5.797194782751795
core120,storyweaver-99715,storyweaver-original-51690,storyweaver,4,support_backed_consensus,2,True,False,True,4,4,3.324829578399658,4,3.27103328704834,4,3.324829578399658,4,3.324829578399658,4,3.324829578399658,4,3.5189000305439593,4,3.070440575191825,3,2.7571414178032807,4,3.737646202246348,5,5.046049244506115
core120,storyweaver-99717,storyweaver-original-49530,storyweaver,3,supported_conflict,1,False,True,False,0,2,2.2232422828674316,2,2.2232422828674316,2,2.2232422828674316,2,2.2232422828674316,1,1.6963732242584229,1,1.3591939259258352,4,3.004402260466949,3,2.999484697505868,1,1.5298844818025827,2,2.5602443542156834
core120,storyweaver-99719,storyweaver-original-24828,storyweaver,2,supported_conflict,1,False,True,False,0,2,2.472590446472168,2,2.472590446472168,2,2.472590446472168,2,2.472590446472168,4,2.7588577270507812,2,2.1953327335775423,4,3.03663631682454,1,1.9176974875909383,3,2.740690516928832,2,2.1654894284238253
core120,storyweaver-99720,storyweaver-original-31966,storyweaver,4,supported_conflict,2,False,True,False,0,3,3.052412509918213,3,3.052412509918213,3,3.052412509918213,3,3.052412509918213,3,3.052412509918213,3,3.23142326466768,4,3.045061530379825,2,2.5009630413095394,4,3.432198718190193,5,4.6902358327864135
core120,storyweaver-99794,storyweaver-original-25932,storyweaver,3,supported_conflict,1,False,True,False,0,3,2.533118486404419,3,2.533118486404419,3,2.533118486404419,3,2.533118486404419,3,2.5470714569091797,3,2.5369427145292422,4,3.0202940720449787,3,2.5863159571805485,2,1.9889167385796704,5,5.216693683033341
core120,storyweaver-99798,storyweaver-original-54646,storyweaver,4,support_backed_consensus,2,True,False,True,4,4,3.561633586883545,4,3.4672014713287354,4,3.561633586883545,4,3.561633586883545,4,3.561633586883545,4,3.91863323077036,4,3.0750504819072875,3,3.406393241768818,4,3.4687251100937524,5,4.645856357410267
waveD28,gdl-8485,gdl-lineage-gdl-1034,global_digital_library,2,support_backed_consensus,1,True,False,True,2,2,2.1198692321777344,2,2.122922897338867,2,2.1198692321777344,2,2.122922897338867,2,2.122922897338867,2,2.164776581224362,2,2.967037545748554,2,1.9825863641887036,1,1.3772874524195988,2,2.455415348376846
waveD28,gdl-8495,gdl-lineage-gdl-98,global_digital_library,2,supported_conflict,1,False,True,False,0,1,2.1713593006134033,1,2.1713593006134033,1,2.1713593006134033,1,2.1713593006134033,1,1.6192545890808105,1,1.2888251514012818,2,2.9682803409880685,3,2.9998483680547174,1,1.4284790915747483,3,2.7845701102933162
waveD28,gdl-8497,gdl-lineage-gdl-1035,global_digital_library,2,supported_conflict,1,False,True,False,0,3,2.6859517097473145,3,2.6859517097473145,3,2.6859517097473145,3,2.6859517097473145,2,2.3538730144500732,2,1.897319410909123,3,3.010679814834658,3,2.967549060531071,3,2.8682544628779096,3,2.98900537605914
waveD28,gdl-8503,gdl-lineage-gdl-1015,global_digital_library,2,unsupported_conflict,0,False,False,False,0,2,2.278172254562378,2,2.278172254562378,2,2.278172254562378,2,2.278172254562378,2,2.278172254562378,2,2.1025171722632985,4,3.01526035437196,1,1.497943636401991,2,2.4969637170434,3,2.6272988664411514
waveD28,gdl-8505,gdl-lineage-gdl-1854,global_digital_library,2,supported_conflict,2,False,True,False,0,1,1.9493651390075684,1,1.9493651390075684,1,1.9493651390075684,1,1.9493651390075684,1,1.9493651390075684,1,1.5206840270452995,3,2.9873676845631802,2,1.7297392135844185,1,1.5596655663102865,2,2.0450068495319442
waveD28,gdl-8511,gdl-lineage-gdl-95,global_digital_library,2,supported_conflict,2,False,True,False,0,2,1.9717830419540405,2,1.9717830419540405,2,1.9717830419540405,2,1.9717830419540405,2,1.9717830419540405,1,1.368757348520377,2,2.9595371813932063,2,2.044630903268726,1,1.5142024947951238,2,2.183162671319508
waveD28,gdl-8513,gdl-lineage-gdl-1027,global_digital_library,2,supported_conflict,1,False,True,False,0,2,2.1232168674468994,2,2.1232168674468994,2,2.1232168674468994,2,2.1232168674468994,2,2.1232168674468994,1,1.735595476042287,2,2.9589316088817332,3,2.3778149467055916,1,1.4205207700530689,2,2.5059516298861126
waveD28,gdl-8529,gdl-lineage-gdl-1014,global_digital_library,2,unsupported_conflict,0,False,False,False,0,2,2.42872953414917,2,2.42872953414917,2,2.42872953414917,2,2.42872953414917,2,2.42872953414917,2,2.1909910196530076,3,2.978853663395568,1,1.8601817246984806,3,2.684888370335102,2,1.5724559941555754
waveD28,global-asp-0001,asp-story-0001,global_asp,2,unsupported_conflict,0,False,False,False,0,1,1.8539009094238281,1,1.8539009094238281,1,1.8539009094238281,1,1.8539009094238281,1,1.8539009094238281,1,1.4809644012321472,2,2.974388362729041,1,1.4874335967996102,1,1.4728132113814354,5,4.948803250210858
waveD28,global-asp-0003,asp-story-0003,global_asp,1,support_backed_consensus,1,True,False,True,1,1,1.4552674293518066,1,1.8059909343719482,1,1.4552674293518066,1,1.8059909343719482,1,1.8059909343719482,1,1.1621645936226987,1,2.9495088500266187,2,1.849592533554946,1,1.2626935839653015,2,1.8808751136540849
waveD28,global-asp-0009,asp-story-0009,global_asp,1,supported_conflict,1,False,True,False,0,1,1.8963842391967773,1,1.8963842391967773,1,1.8963842391967773,1,1.8963842391967773,1,1.5028146505355835,1,1.1955590218385013,3,2.9980838126624985,3,2.025012059155758,1,1.3668781338880458,1,1.015166742544352
waveD28,global-asp-0078,asp-story-0078,global_asp,2,supported_conflict,1,False,True,False,0,1,2.1004133224487305,1,2.1004133224487305,1,2.1004133224487305,1,2.1004133224487305,1,1.4969792366027832,1,1.1913108895200843,3,2.974614892138132,3,2.8521124847004584,1,1.3836115713541708,2,2.123280722360505
waveD28,global-asp-0098,asp-story-0098,global_asp,1,supported_conflict,1,False,True,False,0,1,1.592636227607727,1,1.592636227607727,1,1.592636227607727,1,1.592636227607727,1,1.3262602090835571,1,1.1187445272267418,3,2.9842315617564905,1,1.0000206397193645,1,1.2675442936209342,1,1.0960227349736726
waveD28,global-asp-0156,asp-story-0156,global_asp,2,unsupported_conflict,0,False,False,False,0,1,1.9861650466918945,1,1.9861650466918945,1,1.9861650466918945,1,1.9861650466918945,1,1.9861650466918945,1,1.166262067403013,2,2.979319896887903,2,2.345461606697641,1,1.4536129403859377,1,1.3261928335571156
waveD28,global-asp-0223,asp-story-0223,global_asp,1,support_backed_consensus,2,True,False,True,1,1,1.3927239179611206,1,1.8188360929489136,1,1.3927239179611206,1,1.3927239179611206,1,1.3927239179611206,1,1.1225564746576926,1,2.9425683524726765,2,1.9941218573016983,1,1.2160937228860955,2,1.9966835985838287
waveD28,global-asp-0253,asp-story-0253,global_asp,1,unsupported_conflict,0,False,False,False,0,1,1.5572500228881836,1,1.5572500228881836,1,1.5572500228881836,1,1.5572500228881836,1,1.5572500228881836,1,1.0325990894991484,2,2.9803353186408996,1,1.000009726768395,1,1.2160521615296602,1,1.0000192463333377
waveD28,global-asp-0264,asp-story-0264,global_asp,2,unsupported_conflict,0,False,False,False,0,1,1.840169072151184,1,1.840169072151184,1,1.840169072151184,1,1.840169072151184,1,1.840169072151184,1,1.3976616786718399,3,2.9974481287527857,1,1.2687918305930297,1,1.6967703700065613,2,1.9798692644437565
waveD28,global-asp-0306,asp-story-0306,global_asp,2,supported_conflict,1,False,True,False,0,1,1.9139204025268555,1,1.9139204025268555,1,1.9139204025268555,1,1.9139204025268555,3,2.2677793502807617,1,1.3119918553735896,3,2.9864202205945576,2,1.8862053387190005,1,1.4710599733516574,3,2.748177945912289
waveD28,global-asp-0313,asp-story-0313,global_asp,2,supported_conflict,1,False,True,False,0,1,1.7127659320831299,1,1.7127659320831299,1,1.7127659320831299,1,1.7127659320831299,1,1.5295789241790771,1,1.3026874969517335,3,2.9829497030958274,1,1.2351045725830836,1,1.3303182714929185,2,2.197254050988704
waveD28,global-asp-0359,asp-story-0359,global_asp,1,supported_conflict,1,False,True,False,0,1,1.9438536167144775,1,1.9438536167144775,1,1.9438536167144775,1,1.9438536167144775,1,1.514398455619812,1,1.20411451702283,3,2.9988569731120593,2,2.2599132549985885,1,1.3125252934793632,2,1.9578097114257176
waveD28,global-asp-0360,asp-story-0360,global_asp,1,unsupported_conflict,0,False,False,False,0,1,1.6773022413253784,1,1.6773022413253784,1,1.6773022413253784,1,1.6773022413253784,1,1.6773022413253784,1,1.3783575948910947,2,2.974619727800063,1,1.0055637936434583,1,1.3506637567964692,2,2.0408064810089854
waveD28,storyweaver-100869,storyweaver-original-11243,storyweaver,4,support_backed_consensus,2,True,False,True,4,4,3.3811774253845215,4,3.347014904022217,4,3.3811774253845215,4,3.3811774253845215,4,3.3811774253845215,4,3.6807994645725017,4,3.0595634907625335,4,3.7530781730079177,3,2.89461450278759,5,4.9317179138912195
waveD28,storyweaver-145323,storyweaver-original-10118,storyweaver,3,unsupported_conflict,0,False,False,False,0,3,2.7585647106170654,3,2.7585647106170654,3,2.7585647106170654,3,2.7585647106170654,3,2.7585647106170654,3,2.3383477628379454,4,3.0499654940384118,3,3.007083337185442,3,2.6388580724596977,5,4.1593815290834755
waveD28,storyweaver-19535,storyweaver-original-10115,storyweaver,3,unsupported_conflict,0,False,False,False,0,3,2.8387627601623535,3,2.8387627601623535,3,2.8387627601623535,3,2.8387627601623535,3,2.8387627601623535,3,2.9096979995375722,4,3.027357350379398,3,2.8467786481868638,2,2.5712125822901726,3,3.0167867022100836
waveD28,storyweaver-201658,storyweaver-original-201658,storyweaver,2,support_backed_consensus,1,True,False,True,1,1,1.5039145946502686,1,1.6717305183410645,1,1.5039145946502686,1,1.6717305183410645,1,1.5039145946502686,1,1.3449216894113079,1,2.9406518193322193,1,1.1094765600820076,1,1.2918682241191466,2,2.0586660352810924
waveD28,storyweaver-20439,storyweaver-original-86,storyweaver,4,support_backed_consensus,2,True,False,False,4,4,3.6189451217651367,4,3.6189451217651367,4,3.6189451217651367,4,3.6189451217651367,4,3.6189451217651367,4,3.8033077298647324,4,3.0496280300674994,4,3.91948849443846,4,3.7033534944057465,5,5.093192008366834
waveD28,storyweaver-64197,storyweaver-original-876,storyweaver,3,unsupported_conflict,0,False,False,False,0,3,2.850710868835449,3,2.850710868835449,3,2.850710868835449,3,2.850710868835449,3,2.850710868835449,3,2.663214834414023,4,3.0270491709335605,3,3.0174158749272366,3,2.6951594054698944,5,5.015102668496638
waveD28,storyweaver-65113,storyweaver-original-56272,storyweaver,3,support_backed_consensus,1,True,False,True,4,4,3.435831069946289,4,3.339306592941284,4,3.435831069946289,4,3.339306592941284,4,3.435831069946289,4,3.6825510135811164,4,3.0500646745041946,3,3.2742753607697583,3,3.350331246852875,5,4.890691720977131
